"Bank & Branch Codes",,,,
"BANK CODE","BRANCH CODE","BRANCH","BANK","BANK NAME"
7010,657,"Agalawatta","BOC","Bank of Ceylon"
7010,754,"Ahungalla","BOC","Bank of Ceylon"
7010,590,"Akkaraipattu","BOC","Bank of Ceylon"
7010,613,"Akuressa","BOC","Bank of Ceylon"
7010,768,"Alawathugoda","BOC","Bank of Ceylon"
7010,498,"Alawwa","BOC","Bank of Ceylon"
7010,680,"Aluthgama","BOC","Bank of Ceylon"
7010,32,"Aluthkade","BOC","Bank of Ceylon"
7010,47,"Ambalangoda","BOC","Bank of Ceylon"
7010,537,"Ambalantota","BOC","Bank of Ceylon"
7010,21,"Ampara","BOC","Bank of Ceylon"
7010,548,"Anamaduwa","BOC","Bank of Ceylon"
7010,494,"Andiambalama","BOC","Bank of Ceylon"
7010,774,"Angunakolapelessa","BOC","Bank of Ceylon"
7010,22,"Anuradhapura","BOC","Bank of Ceylon"
7010,551,"Anuradhapura Bazzar","BOC","Bank of Ceylon"
7010,98,"Anuradhapura New Town","BOC","Bank of Ceylon"
7010,599,"Aralaganwila","BOC","Bank of Ceylon"
7010,566,"Aranayake","BOC","Bank of Ceylon"
7010,778,"Atchuvely","BOC","Bank of Ceylon"
7010,757,"Athurugiriya","BOC","Bank of Ceylon"
7010,530,"Avissawella","BOC","Bank of Ceylon"
7010,401,"Ayagama","BOC","Bank of Ceylon"
7010,540,"Badalkumbura","BOC","Bank of Ceylon"
7010,525,"Baddegama","BOC","Bank of Ceylon"
7010,11,"Badulla","BOC","Bank of Ceylon"
7010,652,"Bakamuna","BOC","Bank of Ceylon"
7010,688,"Balangoda","BOC","Bank of Ceylon"
7010,320,"Ballaketuwa","BOC","Bank of Ceylon"
7010,37,"Bambalapitiya","BOC","Bank of Ceylon"
7010,665,"Bandaragama","BOC","Bank of Ceylon"
7010,515,"Bandarawela","BOC","Bank of Ceylon"
7010,522,"Batapola","BOC","Bank of Ceylon"
7010,679,"Battaramulla","BOC","Bank of Ceylon"
7010,12,"Batticaloa","BOC","Bank of Ceylon"
7010,539,"Beliatta","BOC","Bank of Ceylon"
7010,102,"Bentota","BOC","Bank of Ceylon"
7010,58,"Beruwala","BOC","Bank of Ceylon"
7010,579,"Bibile","BOC","Bank of Ceylon"
7010,554,"Bingiriya","BOC","Bank of Ceylon"
7010,732,"Biyagama","BOC","Bank of Ceylon"
7010,668,"Borella 2nd","BOC","Bank of Ceylon"
7010,38,"Borella S/G","BOC","Bank of Ceylon"
7010,673,"Bulathsinhala","BOC","Bank of Ceylon"
7010,560,"Buttala","BOC","Bank of Ceylon"
7010,573,"Central Bus Stand","BOC","Bank of Ceylon"
7010,15,"Central Office","BOC","Bank of Ceylon"
7010,672,"Central Super Market","BOC","Bank of Ceylon"
7010,731,"CEYBANK Credit card centre","BOC","Bank of Ceylon"
7010,501,"Chavakachcheri","BOC","Bank of Ceylon"
7010,630,"Chenkalady","BOC","Bank of Ceylon"
7010,20,"Chilaw","BOC","Bank of Ceylon"
7010,53,"Chunnakam","BOC","Bank of Ceylon"
7010,1,"City Office","BOC","Bank of Ceylon"
7010,660,"Corporate","BOC","Bank of Ceylon"
7010,822,"Corporate 2nd","BOC","Bank of Ceylon"
7010,576,"Dambulla","BOC","Bank of Ceylon"
7010,497,"Dankotuwa","BOC","Bank of Ceylon"
7010,686,"Dehiattakandiya","BOC","Bank of Ceylon"
7010,634,"Dehiowita","BOC","Bank of Ceylon"
7010,51,"Dehiwala","BOC","Bank of Ceylon"
7010,784,"Deiyandara","BOC","Bank of Ceylon"
7010,561,"Dematagoda","BOC","Bank of Ceylon"
7010,528,"Deniyaya","BOC","Bank of Ceylon"
7010,642,"Deraniyagala","BOC","Bank of Ceylon"
7010,504,"Devinuwara","BOC","Bank of Ceylon"
7010,563,"Dharga Town","BOC","Bank of Ceylon"
7010,273,"Digana","BOC","Bank of Ceylon"
7010,592,"Dikwella","BOC","Bank of Ceylon"
7010,433,"Divulapitiya","BOC","Bank of Ceylon"
7010,260,"Diyatalawa","BOC","Bank of Ceylon"
7010,293,"Dodangoda","BOC","Bank of Ceylon"
7010,580,"Dummalasuriya","BOC","Bank of Ceylon"
7010,57,"Eheliyagoda","BOC","Bank of Ceylon"
7010,619,"Elpitiya","BOC","Bank of Ceylon"
7010,535,"Embilipitiya","BOC","Bank of Ceylon"
7010,692,"Eppawala","BOC","Bank of Ceylon"
7010,476,"Ettampitiya","BOC","Bank of Ceylon"
7010,60,"Fifth City","BOC","Bank of Ceylon"
7010,615,"Galagedera","BOC","Bank of Ceylon"
7010,101,"Galaha","BOC","Bank of Ceylon"
7010,122,"Galenbindunuwewa","BOC","Bank of Ceylon"
7010,432,"Galewela","BOC","Bank of Ceylon"
7010,549,"Galgamuwa","BOC","Bank of Ceylon"
7010,653," Galkiriyagama","BOC","Bank of Ceylon"
7010,89,"Galle Bazaar","BOC","Bank of Ceylon"
7010,3,"Galle Fort","BOC","Bank of Ceylon"
7010,514,"Galnewa","BOC","Bank of Ceylon"
7010,45,"Gampaha S/G","BOC","Bank of Ceylon"
7010,575,"Gampola","BOC","Bank of Ceylon"
7010,524,"Gelioya","BOC","Bank of Ceylon"
7010,669,"Girandurukotte","BOC","Bank of Ceylon"
7010,553,"Giriulla","BOC","Bank of Ceylon"
7010,786,"Godakawela","BOC","Bank of Ceylon"
7010,628,"Grandpass","BOC","Bank of Ceylon"
7010,691,"Hakmana","BOC","Bank of Ceylon"
7010,463,"Haldummulla","BOC","Bank of Ceylon"
7010,785,"Hali ela","BOC","Bank of Ceylon"
7010,85,"Hambantota","BOC","Bank of Ceylon"
7010,741,"Hanwella","BOC","Bank of Ceylon"
7010,35,"Haputale","BOC","Bank of Ceylon"
7010,40,"Hatton","BOC","Bank of Ceylon"
7010,772,"Hemmathagama","BOC","Bank of Ceylon"
7010,570,"Hettipola","BOC","Bank of Ceylon"
7010,609,"Hikkaduwa","BOC","Bank of Ceylon"
7010,601,"Hingurakgoda","BOC","Bank of Ceylon"
7010,509,"Hingurana","BOC","Bank of Ceylon"
7010,569,"Hiripitiya","BOC","Bank of Ceylon"
7010,568,"Homagama","BOC","Bank of Ceylon"
7010,54,"Horana","BOC","Bank of Ceylon"
7010,217,"Horowpathana","BOC","Bank of Ceylon"
7010,521,"Hyde Park","BOC","Bank of Ceylon"
7010,770,"Ibbagamuwa","BOC","Bank of Ceylon"
7010,61,"Idama-Moratuwa","BOC","Bank of Ceylon"
7010,135,"Imaduwa","BOC","Bank of Ceylon"
7010,453,"Independent Square","BOC","Bank of Ceylon"
7010,604,"Ingiriya","BOC","Bank of Ceylon"
7010,87,"International Division","BOC","Bank of Ceylon"
7010,236,"Ipalogama","BOC","Bank of Ceylon"
7010,776,"Islamic Banking Unit","BOC","Bank of Ceylon"
7010,39,"Ja Ela","BOC","Bank of Ceylon"
7010,5,"Jaffna","BOC","Bank of Ceylon"
7010,500,"Jaffna 2nd Branch","BOC","Bank of Ceylon"
7010,600,"Jayanthipura","BOC","Bank of Ceylon"
7010,59,"Kadawatha","BOC","Bank of Ceylon"
7010,780,"Kadawatha 2nd City","BOC","Bank of Ceylon"
7010,502,"Kaduruwela","BOC","Bank of Ceylon"
7010,608,"Kaduwela","BOC","Bank of Ceylon"
7010,622,"Kahatagasdigiliya","BOC","Bank of Ceylon"
7010,507,"Kahawatte","BOC","Bank of Ceylon"
7010,645,"Kalawana","BOC","Bank of Ceylon"
7010,510,"Kalmunai","BOC","Bank of Ceylon"
7010,589,"Kalpitiya","BOC","Bank of Ceylon"
7010,16,"Kalutara S/G","BOC","Bank of Ceylon"
7010,611,"Kaluwanchikudy","BOC","Bank of Ceylon"
7010,529,"Kamburupitiya","BOC","Bank of Ceylon"
7010,771,"Kandana","BOC","Bank of Ceylon"
7010,633,"Kandapola","BOC","Bank of Ceylon"
7010,2,"Kandy","BOC","Bank of Ceylon"
7010,649,"Kandy 2nd","BOC","Bank of Ceylon"
7010,605,"Kankesanthurai","BOC","Bank of Ceylon"
7010,623,"Kantale Bazaar","BOC","Bank of Ceylon"
7010,749,"Karainagar","BOC","Bank of Ceylon"
7010,616,"Kataragama","BOC","Bank of Ceylon"
7010,648,"Kattankudy","BOC","Bank of Ceylon"
7010,30,"Katubedda","BOC","Bank of Ceylon"
7010,666,"Katugastota","BOC","Bank of Ceylon"
7010,658,"Katunayake I.P.Z.","BOC","Bank of Ceylon"
7010,63,"Kayts","BOC","Bank of Ceylon"
7010,621,"Kebithigollawa","BOC","Bank of Ceylon"
7010,27,"Kegalle","BOC","Bank of Ceylon"
7010,536,"Kegalle Bazaar","BOC","Bank of Ceylon"
7010,676,"Kekirawa","BOC","Bank of Ceylon"
7010,93,"Kilinochchi","BOC","Bank of Ceylon"
7010,735,"Kinniya","BOC","Bank of Ceylon"
7010,543,"Kiribathgoda","BOC","Bank of Ceylon"
7010,571,"Kirindiwela","BOC","Bank of Ceylon"
7010,172,"Kobeigane","BOC","Bank of Ceylon"
7010,750,"Koggala E.P.Z","BOC","Bank of Ceylon"
7010,34,"Kollupitiya","BOC","Bank of Ceylon"
7010,670,"Kollupitiya 2nd","BOC","Bank of Ceylon"
7010,595,"Kolonnawa","BOC","Bank of Ceylon"
7010,787,"Kopay","BOC","Bank of Ceylon"
7010,629,"Koslanda","BOC","Bank of Ceylon"
7010,663,"Kotahena","BOC","Bank of Ceylon"
7010,773,"Kottawa","BOC","Bank of Ceylon"
7010,52,"Kuliyapitiya","BOC","Bank of Ceylon"
7010,9,"Kurunegala","BOC","Bank of Ceylon"
7010,513,"Kurunegala Bazaar","BOC","Bank of Ceylon"
7010,325,"Kuruwita","BOC","Bank of Ceylon"
7010,636,"Lake House","BOC","Bank of Ceylon"
7010,612,"Lake View","BOC","Bank of Ceylon"
7010,577,"Lunugala","BOC","Bank of Ceylon"
7010,647,"Lunuwatte","BOC","Bank of Ceylon"
7010,544,"Madampe","BOC","Bank of Ceylon"
7010,654,"Madatugama","BOC","Bank of Ceylon"
7010,581,"Madawala","BOC","Bank of Ceylon"
7010,565,"Madurankuliya","BOC","Bank of Ceylon"
7010,55,"Maharagama","BOC","Bank of Ceylon"
7010,542,"Mahiyangana","BOC","Bank of Ceylon"
7010,564,"Maho","BOC","Bank of Ceylon"
7010,26,"Main Street","BOC","Bank of Ceylon"
7010,763,"Malabe","BOC","Bank of Ceylon"
7010,281,"Manipay","BOC","Bank of Ceylon"
7010,574,"Mankulam","BOC","Bank of Ceylon"
7010,46,"Mannar","BOC","Bank of Ceylon"
7010,41,"Maradana","BOC","Bank of Ceylon"
7010,506,"Maskeliya","BOC","Bank of Ceylon"
7010,68,"Matale","BOC","Bank of Ceylon"
7010,24,"Matara","BOC","Bank of Ceylon"
7010,614,"Matara Bazaar","BOC","Bank of Ceylon"
7010,556,"Matugama","BOC","Bank of Ceylon"
7010,559,"Mawanella","BOC","Bank of Ceylon"
7010,257,"Mawathagama","BOC","Bank of Ceylon"
7010,238,"Medagama","BOC","Bank of Ceylon"
7010,162,"Medawachchiya","BOC","Bank of Ceylon"
7010,641,"Medirigiriya","BOC","Bank of Ceylon"
7010,384,"Meegahakiwula","BOC","Bank of Ceylon"
7010,728,"Meegalewa","BOC","Bank of Ceylon"
7010,555,"Melsiripura","BOC","Bank of Ceylon"
7010,618,"Metropolitan","BOC","Bank of Ceylon"
7010,518,"Middeniya","BOC","Bank of Ceylon"
7010,335,"Mihintale","BOC","Bank of Ceylon"
7010,593,"Milagiriya","BOC","Bank of Ceylon"
7010,545,"Minuwangoda","BOC","Bank of Ceylon"
7010,88,"Mirigama","BOC","Bank of Ceylon"
7010,82,"Monaragala","BOC","Bank of Ceylon"
7010,766,"Mount Lavinia","BOC","Bank of Ceylon"
7010,511,"Mullaitivu","BOC","Bank of Ceylon"
7010,118,"Muttur","BOC","Bank of Ceylon"
7010,762,"Narahenpita","BOC","Bank of Ceylon"
7010,534,"Narammala","BOC","Bank of Ceylon"
7010,50,"Nattandiya","BOC","Bank of Ceylon"
7010,92,"Naula","BOC","Bank of Ceylon"
7010,598,"Nawalapitiya","BOC","Bank of Ceylon"
7010,18,"Negombo","BOC","Bank of Ceylon"
7010,572,"Negombo Bazzar","BOC","Bank of Ceylon"
7010,638,"Nelliady","BOC","Bank of Ceylon"
7010,667,"Neluwa","BOC","Bank of Ceylon"
7010,547,"Nikaweratiya","BOC","Bank of Ceylon"
7010,591,"Nintavur","BOC","Bank of Ceylon"
7010,675,"Nittambuwa","BOC","Bank of Ceylon"
7010,597,"Nivitigala","BOC","Bank of Ceylon"
7010,656,"Nochchiyagama","BOC","Bank of Ceylon"
7010,779,"Norchcholei","BOC","Bank of Ceylon"
7010,49,"Nugegoda","BOC","Bank of Ceylon"
7010,29,"Nuwara Eliya","BOC","Bank of Ceylon"
7010,127,"Padavi Parakramapura","BOC","Bank of Ceylon"
7010,492,"Padiyapelella","BOC","Bank of Ceylon"
7010,348,"Padiyatalawa","BOC","Bank of Ceylon"
7010,678,"Padukka","BOC","Bank of Ceylon"
7010,640,"Pallepola","BOC","Bank of Ceylon"
7010,7,"Panadura","BOC","Bank of Ceylon"
7010,607,"Panadura Bazaar","BOC","Bank of Ceylon"
7010,546,"Pannala","BOC","Bank of Ceylon"
7010,644,"Parliamentary Complex","BOC","Bank of Ceylon"
7010,503,"Passara","BOC","Bank of Ceylon"
7010,690,"Pelawatta","BOC","Bank of Ceylon"
7010,42,"Peliyagoda","BOC","Bank of Ceylon"
7010,683,"Pelmadulla","BOC","Bank of Ceylon"
7010,152,"Pemaduwa","BOC","Bank of Ceylon"
7010,588,"Peradeniya","BOC","Bank of Ceylon"
7010,681,"Personal","BOC","Bank of Ceylon"
7010,4,"Pettah","BOC","Bank of Ceylon"
7010,587,"Pilimatalawa","BOC","Bank of Ceylon"
7010,736,"Piliyandala","BOC","Bank of Ceylon"
7010,610,"Pitigala","BOC","Bank of Ceylon"
7010,28,"Point Pedro","BOC","Bank of Ceylon"
7010,526,"Polgahawela","BOC","Bank of Ceylon"
7010,83,"Polonnaruwa New Town","BOC","Bank of Ceylon"
7010,783,"Polpithigama","BOC","Bank of Ceylon"
7010,664,"Pothuhera","BOC","Bank of Ceylon"
7010,318,"Potuvil","BOC","Bank of Ceylon"
7010,99,"Primary Dealer Unit","BOC","Bank of Ceylon"
7010,765,"Pugoda","BOC","Bank of Ceylon"
7010,425,"Pundaluoya","BOC","Bank of Ceylon"
7010,337,"Pussellawa","BOC","Bank of Ceylon"
7010,48,"Puttalam","BOC","Bank of Ceylon"
7010,764,"Ragama","BOC","Bank of Ceylon"
7010,746,"Rajagiriya","BOC","Bank of Ceylon"
7010,594,"Rakwana","BOC","Bank of Ceylon"
7010,782,"Rambewa","BOC","Bank of Ceylon"
7010,582,"Rambukkana","BOC","Bank of Ceylon"
7010,689,"Ratmalana","BOC","Bank of Ceylon"
7010,31,"Ratnapura","BOC","Bank of Ceylon"
7010,684,"Ratnapura Bazaar","BOC","Bank of Ceylon"
7010,639,"Rattota","BOC","Bank of Ceylon"
7010,627,"Regent Street","BOC","Bank of Ceylon"
7010,532,"Ridigama","BOC","Bank of Ceylon"
7010,167,"Rikillagaskada","BOC","Bank of Ceylon"
7010,693,"Ruhunu Campus","BOC","Bank of Ceylon"
7010,585,"Ruwanwella","BOC","Bank of Ceylon"
7010,440,"Samanthurai","BOC","Bank of Ceylon"
7010,421,"Seeduwa","BOC","Bank of Ceylon"
7010,183,"Sewagama","BOC","Bank of Ceylon"
7010,416,"Siyambalanduwa","BOC","Bank of Ceylon"
7010,650,"Talatuoya","BOC","Bank of Ceylon"
7010,531,"Talawakelle","BOC","Bank of Ceylon"
7010,596,"Talgaswela","BOC","Bank of Ceylon"
7010,655,"Tambuttegama","BOC","Bank of Ceylon"
7010,56,"Tangalle","BOC","Bank of Ceylon"
7010,747,"Taprobane","BOC","Bank of Ceylon"
7010,250,"Tawalama","BOC","Bank of Ceylon"
7010,781,"Teldeniya","BOC","Bank of Ceylon"
7010,322,"Thanamalwila","BOC","Bank of Ceylon"
7010,512,"Thimbirigasyaya","BOC","Bank of Ceylon"
7010,761,"Thirunelvely","BOC","Bank of Ceylon"
7010,157,"Tirappane","BOC","Bank of Ceylon"
7010,538,"Tissamaharama","BOC","Bank of Ceylon"
7010,760,"Treasury Division","BOC","Bank of Ceylon"
7010,6,"Trincomalee","BOC","Bank of Ceylon"
7010,624,"Trincomalee Bazaar","BOC","Bank of Ceylon"
7010,606,"Uda Dumbara","BOC","Bank of Ceylon"
7010,43," Union Place","BOC","Bank of Ceylon"
7010,298,"Urubokka","BOC","Bank of Ceylon"
7010,343,"Uva Paranagama","BOC","Bank of Ceylon"
7010,626,"Valachchenai","BOC","Bank of Ceylon"
7010,44,"Vavuniya","BOC","Bank of Ceylon"
7010,682,"Veyangoda","BOC","Bank of Ceylon"
7010,775,"Visakha","BOC","Bank of Ceylon"
7010,584,"Wadduwa","BOC","Bank of Ceylon"
7010,558,"Waikkal","BOC","Bank of Ceylon"
7010,743,"Walapane","BOC","Bank of Ceylon"
7010,517,"Walasmulla","BOC","Bank of Ceylon"
7010,562," Warakapola","BOC","Bank of Ceylon"
7010,379,"Wariyapola","BOC","Bank of Ceylon"
7010,505,"Wattala","BOC","Bank of Ceylon"
7010,340," Wattegama","BOC","Bank of Ceylon"
7010,139,"Weeraketiya","BOC","Bank of Ceylon"
7010,550,"Weligama","BOC","Bank of Ceylon"
7010,730,"Welimada","BOC","Bank of Ceylon"
7010,527,"Welisara","BOC","Bank of Ceylon"
7010,23,"Wellawatte","BOC","Bank of Ceylon"
7010,434,"Wellawaya","BOC","Bank of Ceylon"
7010,104,"Welpalla","BOC","Bank of Ceylon"
7010,508,"Wennappuwa","BOC","Bank of Ceylon"
7010,769,"Yakkala","BOC","Bank of Ceylon"
7010,578,"Yakkalamulla","BOC","Bank of Ceylon"
7010,144,"Yatawatte","BOC","Bank of Ceylon"
7010,477,"Yatiyantota","BOC","Bank of Ceylon"
7038,2,"Bambalapitiya",,"Standard Chartered Bank"
7038,1,"Head Office",,"Standard Chartered Bank"
7038,4,"Kiribathgoda",,"Standard Chartered Bank"
7038,5,"Kirullapone",,"Standard Chartered Bank"
7038,8,"Kollupitiya",,"Standard Chartered Bank"
7038,6,"Moratuwa",,"Standard Chartered Bank"
7038,12,"Negombo",,"Standard Chartered Bank"
7038,10,"Pettah",,"Standard Chartered Bank"
7038,7,"Rajagiriya",,"Standard Chartered Bank"
7038,11,"Union Place",,"Standard Chartered Bank"
7038,14,"Wattala",,"Standard Chartered Bank"
7038,3,"Wellawatte",,"Standard Chartered Bank"
7047,1,"Head Office",,"Citi Bank"
7047,100,"Cash Mgmt",,"Citi Bank"
7056,172,"Akkaraipattu","COM","Commercial Bank PLC"
7056,35,"Akuressa","COM","Commercial Bank PLC"
7056,40,"Aluthgama","COM","Commercial Bank PLC"
7056,97,"Ambalangoda","COM","Commercial Bank PLC"
7056,63,"Ambalantota","COM","Commercial Bank PLC"
7056,100,"Ampara","COM","Commercial Bank PLC"
7056,254,"Anniwatte Customer Service Point","COM","Commercial Bank PLC"
7056,53,"Anuradhapura","COM","Commercial Bank PLC"
7056,185,"Anuradhapura New Town","COM","Commercial Bank PLC"
7056,156,"Atchchuvely","COM","Commercial Bank PLC"
7056,130,"Athurugiriya","COM","Commercial Bank PLC"
7056,70,"Avissawella","COM","Commercial Bank PLC"
7056,98,"Baddegama","COM","Commercial Bank PLC"
7056,52,"Badulla","COM","Commercial Bank PLC"
7056,82,"Balangoda","COM","Commercial Bank PLC"
7056,106,"Bambalapitiya","COM","Commercial Bank PLC"
7056,84,"Bandaragama (C.S.P.)","COM","Commercial Bank PLC"
7056,80,"Bandarawela","COM","Commercial Bank PLC"
7056,113,"Baseline Road CSP","COM","Commercial Bank PLC"
7056,252,"Batharamulla Arpico Super Centre","COM","Commercial Bank PLC"
7056,29,"Battaramulla","COM","Commercial Bank PLC"
7056,105,"Batticaloa","COM","Commercial Bank PLC"
7056,181,"Beliatta","COM","Commercial Bank PLC"
7056,220,"Beruwala Minicom","COM","Commercial Bank PLC"
7056,147,"Biyagama","COM","Commercial Bank PLC"
7056,142,"Boralesgamuwa","COM","Commercial Bank PLC"
7056,132,"Boralesgamuwa CSP","COM","Commercial Bank PLC"
7056,19,"Borella","COM","Commercial Bank PLC"
7056,126,"Chavakachcheri","COM","Commercial Bank PLC"
7056,43,"Chilaw","COM","Commercial Bank PLC"
7056,107,"Chunakkam","COM","Commercial Bank PLC"
7056,2,"City Office","COM","Commercial Bank PLC"
7056,50,"Colombo 7","COM","Commercial Bank PLC"
7056,54,"Dambulla","COM","Commercial Bank PLC"
7056,164,"Dankotuwa","COM","Commercial Bank PLC"
7056,58,"Dehiwala","COM","Commercial Bank PLC"
7056,251,"Dehiwala Arpico Super Centre","COM","Commercial Bank PLC"
7056,134,"Delkanda CSP","COM","Commercial Bank PLC"
7056,111,"Deniyaya","COM","Commercial Bank PLC"
7056,140,"Digana","COM","Commercial Bank PLC"
7056,68,"Duplication Road","COM","Commercial Bank PLC"
7056,158,"Eheliyagoda","COM","Commercial Bank PLC"
7056,71,"Ekala (CSP)","COM","Commercial Bank PLC"
7056,103,"Elpitiya","COM","Commercial Bank PLC"
7056,30,"Embilipitiya","COM","Commercial Bank PLC"
7056,168,"Eravur","COM","Commercial Bank PLC"
7056,3,"Foreign","COM","Commercial Bank PLC"
7056,9,"Galewela","COM","Commercial Bank PLC"
7056,27,"Galle City","COM","Commercial Bank PLC"
7056,5,"Galle Fort","COM","Commercial Bank PLC"
7056,44,"Gampaha","COM","Commercial Bank PLC"
7056,102,"Gampola","COM","Commercial Bank PLC"
7056,177,"Ganemulla","COM","Commercial Bank PLC"
7056,182,"Giriulla","COM","Commercial Bank PLC"
7056,57,"Grandpass","COM","Commercial Bank PLC"
7056,166,"Hambantota","COM","Commercial Bank PLC"
7056,143,"Hanwella","COM","Commercial Bank PLC"
7056,115,"Hatton","COM","Commercial Bank PLC"
7056,1,"Head Office","COM","Commercial Bank PLC"
7056,14,"Hikkaduwa","COM","Commercial Bank PLC"
7056,15,"Hingurakgoda","COM","Commercial Bank PLC"
7056,258,"Holiday Banking Centre - Majestic City","COM","Commercial Bank PLC"
7056,75,"Homagama","COM","Commercial Bank PLC"
7056,76,"Horana","COM","Commercial Bank PLC"
7056,224,"Horana Minicom","COM","Commercial Bank PLC"
7056,253,"Hydepark Arpico Service Center","COM","Commercial Bank PLC"
7056,901,"Islamic Banking Unit","COM","Commercial Bank PLC"
7056,81,"Ja-Ela","COM","Commercial Bank PLC"
7056,6,"Jaffna","COM","Commercial Bank PLC"
7056,127,"Jaffna C.S.P","COM","Commercial Bank PLC"
7056,67,"Kadawatha","COM","Commercial Bank PLC"
7056,88,"Kaduruwela","COM","Commercial Bank PLC"
7056,42,"Kaduwela","COM","Commercial Bank PLC"
7056,133,"Kahawatta","COM","Commercial Bank PLC"
7056,138,"Kalawana","COM","Commercial Bank PLC"
7056,152,"Kalmunai","COM","Commercial Bank PLC"
7056,36,"Kalutara","COM","Commercial Bank PLC"
7056,104,"Kamburupitiya","COM","Commercial Bank PLC"
7056,31,"Kandana","COM","Commercial Bank PLC"
7056,4,"Kandy","COM","Commercial Bank PLC"
7056,150,"Kandy City office","COM","Commercial Bank PLC"
7056,135,"karapitiya","COM","Commercial Bank PLC"
7056,173,"Kataragama","COM","Commercial Bank PLC"
7056,114,"Katubedda","COM","Commercial Bank PLC"
7056,167,"Katubedda Service Point","COM","Commercial Bank PLC"
7056,45,"Katugastota","COM","Commercial Bank PLC"
7056,227,"Katukurunda Minicom Centre","COM","Commercial Bank PLC"
7056,190,"Katunayake","COM","Commercial Bank PLC"
7056,25,"Katunayake FTZ","COM","Commercial Bank PLC"
7056,21,"Kegalle","COM","Commercial Bank PLC"
7056,110,"Kekirawa","COM","Commercial Bank PLC"
7056,39,"Keyzer Street","COM","Commercial Bank PLC"
7056,155,"Kilinochchi","COM","Commercial Bank PLC"
7056,69,"Kiribathgoda","COM","Commercial Bank PLC"
7056,257,"Kiribathgoda Service Centre","COM","Commercial Bank PLC"
7056,139,"Kirindiwela","COM","Commercial Bank PLC"
7056,47,"Kirulapona","COM","Commercial Bank PLC"
7056,74,"Kochchikade (C.S.P.)","COM","Commercial Bank PLC"
7056,28,"Koggala","COM","Commercial Bank PLC"
7056,87,"Kohuwala - (C.S.P.)","COM","Commercial Bank PLC"
7056,11,"Kollupitiya","COM","Commercial Bank PLC"
7056,12,"Kotahena","COM","Commercial Bank PLC"
7056,119,"Kotikawatta","COM","Commercial Bank PLC"
7056,121,"Kottawa","COM","Commercial Bank PLC"
7056,51,"Kuliyapitiya","COM","Commercial Bank PLC"
7056,255,"Kundasale CSP","COM","Commercial Bank PLC"
7056,16,"Kurunegala","COM","Commercial Bank PLC"
7056,122,"Kurunegala (CSP)","COM","Commercial Bank PLC"
7056,175,"Kuruwita","COM","Commercial Bank PLC"
7056,18,"Maharagama","COM","Commercial Bank PLC"
7056,137,"Mahiyanganaya","COM","Commercial Bank PLC"
7056,214,"Majestic City-Minicom Centre","COM","Commercial Bank PLC"
7056,86,"Malabe (C.S.P.)","COM","Commercial Bank PLC"
7056,153,"Manipay","COM","Commercial Bank PLC"
7056,154,"Mannar","COM","Commercial Bank PLC"
7056,32,"Maradana","COM","Commercial Bank PLC"
7056,8,"Matale","COM","Commercial Bank PLC"
7056,7,"Matara","COM","Commercial Bank PLC"
7056,151,"Matara City office","COM","Commercial Bank PLC"
7056,222,"Matara Minicom","COM","Commercial Bank PLC"
7056,96,"Mathugama","COM","Commercial Bank PLC"
7056,79,"Mawanella","COM","Commercial Bank PLC"
7056,161,"Mawathagama","COM","Commercial Bank PLC"
7056,226,"Minicom Centre - Bokundara","COM","Commercial Bank PLC"
7056,33,"Minuwangoda","COM","Commercial Bank PLC"
7056,66,"Mirigama","COM","Commercial Bank PLC"
7056,120,"Monaragala","COM","Commercial Bank PLC"
7056,59,"Moratuwa","COM","Commercial Bank PLC"
7056,93,"Mount Lavinia(C.S.P.)","COM","Commercial Bank PLC"
7056,23,"Mutuwal","COM","Commercial Bank PLC"
7056,22,"Narahenpita","COM","Commercial Bank PLC"
7056,60,"Narammala","COM","Commercial Bank PLC"
7056,55,"Nattandiya","COM","Commercial Bank PLC"
7056,101,"Nawala (C.S.P.)","COM","Commercial Bank PLC"
7056,89,"Nawalapitiya","COM","Commercial Bank PLC"
7056,259,"Nawam Mawatha Service Point","COM","Commercial Bank PLC"
7056,256,"Negambo Arpico Centre","COM","Commercial Bank PLC"
7056,13,"Negombo","COM","Commercial Bank PLC"
7056,118,"Negombo Extension Office","COM","Commercial Bank PLC"
7056,108,"Nelliady","COM","Commercial Bank PLC"
7056,125,"Neluwa","COM","Commercial Bank PLC"
7056,83,"Nikaweratiya","COM","Commercial Bank PLC"
7056,65,"Nittambuwa","COM","Commercial Bank PLC"
7056,261,"Nittambuwa CSP","COM","Commercial Bank PLC"
7056,20,"Nugegoda","COM","Commercial Bank PLC"
7056,34,"Nuwara Eliya","COM","Commercial Bank PLC"
7056,17,"Old Moor Street","COM","Commercial Bank PLC"
7056,187,"Padukka","COM","Commercial Bank PLC"
7056,206,"Palavi CSP","COM","Commercial Bank PLC"
7056,41,"Panadura","COM","Commercial Bank PLC"
7056,223,"Panadura Minicom","COM","Commercial Bank PLC"
7056,38,"Panchikawatte","COM","Commercial Bank PLC"
7056,144,"Pannala","COM","Commercial Bank PLC"
7056,186,"Passara","COM","Commercial Bank PLC"
7056,165,"Peliyagoda CSP","COM","Commercial Bank PLC"
7056,149,"Pelmadulla","COM","Commercial Bank PLC"
7056,73,"Peradeniya (CSP)","COM","Commercial Bank PLC"
7056,24,"Pettah","COM","Commercial Bank PLC"
7056,72,"Pettah Main Street","COM","Commercial Bank PLC"
7056,109,"Pilimathalawa","COM","Commercial Bank PLC"
7056,77,"Piliyandala","COM","Commercial Bank PLC"
7056,117,"Pitakotte CSP","COM","Commercial Bank PLC"
7056,141,"Polgahawela","COM","Commercial Bank PLC"
7056,169,"Priority Banking Centre","COM","Commercial Bank PLC"
7056,148,"Puttlam","COM","Commercial Bank PLC"
7056,131,"Raddolugama CSP","COM","Commercial Bank PLC"
7056,221,"Ragama minicom","COM","Commercial Bank PLC"
7056,62,"Rajagiriya","COM","Commercial Bank PLC"
7056,216,"Ramanayake Mawatha","COM","Commercial Bank PLC"
7056,46,"Ratmalana","COM","Commercial Bank PLC"
7056,49,"Ratnapura","COM","Commercial Bank PLC"
7056,116,"Reid Avenue","COM","Commercial Bank PLC"
7056,163,"Ruwanwella","COM","Commercial Bank PLC"
7056,64,"Seeduwa","COM","Commercial Bank PLC"
7056,123,"Tangalle","COM","Commercial Bank PLC"
7056,78,"Thalawathugoda (C.S.P.)","COM","Commercial Bank PLC"
7056,162,"Thambuttegama","COM","Commercial Bank PLC"
7056,157,"Thirunelvely","COM","Commercial Bank PLC"
7056,124,"Tissamaharama","COM","Commercial Bank PLC"
7056,37,"Trincomalee","COM","Commercial Bank PLC"
7056,129,"Udugama","COM","Commercial Bank PLC"
7056,48,"Union Place","COM","Commercial Bank PLC"
7056,159,"Valachchenai","COM","Commercial Bank PLC"
7056,61,"Vavuniya","COM","Commercial Bank PLC"
7056,171,"Vavuniya CSP","COM","Commercial Bank PLC"
7056,170,"Velanai","COM","Commercial Bank PLC"
7056,146,"Wadduwa","COM","Commercial Bank PLC"
7056,128,"Warakapola","COM","Commercial Bank PLC"
7056,145,"Ward Place","COM","Commercial Bank PLC"
7056,174,"Wariyapola","COM","Commercial Bank PLC"
7056,56,"Wattala","COM","Commercial Bank PLC"
7056,260,"Wattala - Service Point","COM","Commercial Bank PLC"
7056,225,"Wattala Minicom","COM","Commercial Bank PLC"
7056,112,"Weligama","COM","Commercial Bank PLC"
7056,136,"Welimada","COM","Commercial Bank PLC"
7056,228,"Weliweria Minicom","COM","Commercial Bank PLC"
7056,10,"Wellawatte","COM","Commercial Bank PLC"
7056,160,"Wellawaya","COM","Commercial Bank PLC"
7056,26,"Wennappuwa","COM","Commercial Bank PLC"
7056,178,"World Trade Centre","COM","Commercial Bank PLC"
7056,85,"Yakkala","COM","Commercial Bank PLC"
7074,1,"Main Branch",,"Habib Bank Ltd"
7074,2,"Lake View",,"Habib Bank Ltd"
7074,3,"Kalmunai",,"Habib Bank Ltd"
7083,78,"Akkaraipattu","HNB","Hatton National Bank PLC"
7083,151,"Akuressa","HNB","Hatton National Bank PLC"
7083,123,"Alawwa","HNB","Hatton National Bank PLC"
7083,109,"Aluthgama","HNB","Hatton National Bank PLC"
7083,1,"Aluthkade","HNB","Hatton National Bank PLC"
7083,81,"Ambalangoda","HNB","Hatton National Bank PLC"
7083,45,"Ambalantota","HNB","Hatton National Bank PLC"
7083,58,"Ampara","HNB","Hatton National Bank PLC"
7083,177,"Anamaduwa","HNB","Hatton National Bank PLC"
7083,10,"Anuradhapura","HNB","Hatton National Bank PLC"
7083,193,"Aralaganwila","HNB","Hatton National Bank PLC"
7083,189,"Atchchuvely","HNB","Hatton National Bank PLC"
7083,112,"Avissawella","HNB","Hatton National Bank PLC"
7083,11,"Badulla","HNB","Hatton National Bank PLC"
7083,71,"Balangoda","HNB","Hatton National Bank PLC"
7083,39,"Bambalapitiya","HNB","Hatton National Bank PLC"
7083,12,"Bandarawela","HNB","Hatton National Bank PLC"
7083,57,"Batticaloa","HNB","Hatton National Bank PLC"
7083,160,"Beruwela","HNB","Hatton National Bank PLC"
7083,47,"Biyagama","HNB","Hatton National Bank PLC"
7083,60,"Bogawanthalawa","HNB","Hatton National Bank PLC"
7083,112,"Boralesgamuwa","HNB","Hatton National Bank PLC"
7083,55,"Borella","HNB","Hatton National Bank PLC"
7083,75,"Buttala","HNB","Hatton National Bank PLC"
7083,113,"Card Centre","HNB","Hatton National Bank PLC"
7083,114,"Central Colombo","HNB","Hatton National Bank PLC"
7083,157,"Chankanai","HNB","Hatton National Bank PLC"
7083,137,"Chavakachcheri","HNB","Hatton National Bank PLC"
7083,40,"Chilaw","HNB","Hatton National Bank PLC"
7083,117,"Chunnakam","HNB","Hatton National Bank PLC"
7083,76,"Cinnamon Gardens","HNB","Hatton National Bank PLC"
7083,2,"City Office","HNB","Hatton National Bank PLC"
7083,48,"Dambulla","HNB","Hatton National Bank PLC"
7083,70,"Dankotuwa","HNB","Hatton National Bank PLC"
7083,196,"Dehiattakandiya","HNB","Hatton National Bank PLC"
7083,93,"Dehiwala","HNB","Hatton National Bank PLC"
7083,122,"Delgoda","HNB","Hatton National Bank PLC"
7083,103,"Dematagoda","HNB","Hatton National Bank PLC"
7083,120,"Deniyaya Customer Centre","HNB","Hatton National Bank PLC"
7083,176,"Digana","HNB","Hatton National Bank PLC"
7083,178,"Dikwella","HNB","Hatton National Bank PLC"
7083,107,"Elpitiya","HNB","Hatton National Bank PLC"
7083,50,"Embilipitiya","HNB","Hatton National Bank PLC"
7083,135,"Eravur","HNB","Hatton National Bank PLC"
7083,149,"Galewela","HNB","Hatton National Bank PLC"
7083,128,"Galgamuwa","HNB","Hatton National Bank PLC"
7083,13,"Galle","HNB","Hatton National Bank PLC"
7083,51,"Gampaha","HNB","Hatton National Bank PLC"
7083,14,"Gampola","HNB","Hatton National Bank PLC"
7083,136,"Ganemulla","HNB","Hatton National Bank PLC"
7083,148,"Giriulla","HNB","Hatton National Bank PLC"
7083,46,"Grandpass","HNB","Hatton National Bank PLC"
7083,5,"Green Path","HNB","Hatton National Bank PLC"
7083,68,"Hambantota","HNB","Hatton National Bank PLC"
7083,139,"Hanwella","HNB","Hatton National Bank PLC"
7083,15,"Hatton","HNB","Hatton National Bank PLC"
7083,3,"Head Office","HNB","Hatton National Bank PLC"
7083,131,"Hendala","HNB","Hatton National Bank PLC"
7083,77,"Homagama","HNB","Hatton National Bank PLC"
7083,52,"Horana","HNB","Hatton National Bank PLC"
7083,63,"Hulftsdorp","HNB","Hatton National Bank PLC"
7083,54,"International Division","HNB","Hatton National Bank PLC"
7083,87,"Ja-Ela","HNB","Hatton National Bank PLC"
7083,16,"Jaffna","HNB","Hatton National Bank PLC"
7083,84,"Kadawatha","HNB","Hatton National Bank PLC"
7083,82,"Kaduwela","HNB","Hatton National Bank PLC"
7083,17,"Kahawatte","HNB","Hatton National Bank PLC"
7083,192,"Kallady","HNB","Hatton National Bank PLC"
7083,91,"Kalmunai","HNB","Hatton National Bank PLC"
7083,34,"Kalutara","HNB","Hatton National Bank PLC"
7083,165,"Kaluwanchikudy","HNB","Hatton National Bank PLC"
7083,119,"Kandana","HNB","Hatton National Bank PLC"
7083,18,"Kandy","HNB","Hatton National Bank PLC"
7083,95,"Kantale","HNB","Hatton National Bank PLC"
7083,184,"Karaitive","HNB","Hatton National Bank PLC"
7083,100,"Katugastota","HNB","Hatton National Bank PLC"
7083,49,"Katunayake","HNB","Hatton National Bank PLC"
7083,41,"Kegalle","HNB","Hatton National Bank PLC"
7083,138,"Kelaniya","HNB","Hatton National Bank PLC"
7083,146,"Kilinochchi South","HNB","Hatton National Bank PLC"
7083,195,"Killinochchi North","HNB","Hatton National Bank PLC"
7083,169,"Kinniya","HNB","Hatton National Bank PLC"
7083,56,"Kiribathgoda","HNB","Hatton National Bank PLC"
7083,99,"Kirindiwela","HNB","Hatton National Bank PLC"
7083,43,"Kirulapone","HNB","Hatton National Bank PLC"
7083,190,"Kodikamam","HNB","Hatton National Bank PLC"
7083,129,"Kohuwela","HNB","Hatton National Bank PLC"
7083,115,"Kollupitiya","HNB","Hatton National Bank PLC"
7083,194,"Kolonnawa","HNB","Hatton National Bank PLC"
7083,96,"Kotahena","HNB","Hatton National Bank PLC"
7083,98,"Kottawa","HNB","Hatton National Bank PLC"
7083,74,"Kuliyapitiya","HNB","Hatton National Bank PLC"
7083,188,"Kundasale","HNB","Hatton National Bank PLC"
7083,19,"Kurunegala","HNB","Hatton National Bank PLC"
7083,168,"Madampe","HNB","Hatton National Bank PLC"
7083,64,"Maharagama","HNB","Hatton National Bank PLC"
7083,124,"Mahiyanganaya","HNB","Hatton National Bank PLC"
7083,156,"Malabe","HNB","Hatton National Bank PLC"
7083,6,"Maligawatta","HNB","Hatton National Bank PLC"
7083,150,"Manipay","HNB","Hatton National Bank PLC"
7083,20,"Mannar","HNB","Hatton National Bank PLC"
7083,108,"Maradana","HNB","Hatton National Bank PLC"
7083,79,"Marandagahamula","HNB","Hatton National Bank PLC"
7083,80,"Marawila","HNB","Hatton National Bank PLC"
7083,185,"Maruthamunai","HNB","Hatton National Bank PLC"
7083,21,"Maskeliya","HNB","Hatton National Bank PLC"
7083,65,"Matale","HNB","Hatton National Bank PLC"
7083,42,"Matara","HNB","Hatton National Bank PLC"
7083,125,"Mathugama","HNB","Hatton National Bank PLC"
7083,89,"Mawanella","HNB","Hatton National Bank PLC"
7083,143,"Medawachchiya","HNB","Hatton National Bank PLC"
7083,179,"Medirigiriya","HNB","Hatton National Bank PLC"
7083,127,"Middeniya","HNB","Hatton National Bank PLC"
7083,94,"Minuwangoda","HNB","Hatton National Bank PLC"
7083,180,"Mirigama","HNB","Hatton National Bank PLC"
7083,53,"Monaragala","HNB","Hatton National Bank PLC"
7083,73,"Moratumulla","HNB","Hatton National Bank PLC"
7083,22,"Moratuwa","HNB","Hatton National Bank PLC"
7083,61,"Mount Lavinia","HNB","Hatton National Bank PLC"
7083,183,"Mullativu","HNB","Hatton National Bank PLC"
7083,174,"Mullipothanai","HNB","Hatton National Bank PLC"
7083,191,"Muthur","HNB","Hatton National Bank PLC"
7083,97,"Mutwal","HNB","Hatton National Bank PLC"
7083,104,"Narahenpita","HNB","Hatton National Bank PLC"
7083,147,"Nawala","HNB","Hatton National Bank PLC"
7083,23,"Nawalapitiya","HNB","Hatton National Bank PLC"
7083,24,"Negombo","HNB","Hatton National Bank PLC"
7083,145,"Negombo Metro","HNB","Hatton National Bank PLC"
7083,118,"Nelliady","HNB","Hatton National Bank PLC"
7083,121,"Nikaweratiya","HNB","Hatton National Bank PLC"
7083,159,"Ninthavur","HNB","Hatton National Bank PLC"
7083,25," Nittambuwa","HNB","Hatton National Bank PLC"
7083,26,"Nochchiyagama","HNB","Hatton National Bank PLC"
7083,133,"Norochchole","HNB","Hatton National Bank PLC"
7083,27,"Nugegoda","HNB","Hatton National Bank PLC"
7083,28,"Nuwara Eliya","HNB","Hatton National Bank PLC"
7083,181,"Padavi Parakramapura","HNB","Hatton National Bank PLC"
7083,140,"Padukka","HNB","Hatton National Bank PLC"
7083,69,"Panadura","HNB","Hatton National Bank PLC"
7083,59,"Panchikawatta","HNB","Hatton National Bank PLC"
7083,101," Pelmadulla","HNB","Hatton National Bank PLC"
7083,7,"Pettah","HNB","Hatton National Bank PLC"
7083,141,"Pilimatalawa","HNB","Hatton National Bank PLC"
7083,38,"Piliyandala","HNB","Hatton National Bank PLC"
7083,66,"Pinnawala","HNB","Hatton National Bank PLC"
7083,187,"Pitigala","HNB","Hatton National Bank PLC"
7083,132,"Point Pedro","HNB","Hatton National Bank PLC"
7083,44,"Polonnaruwa","HNB","Hatton National Bank PLC"
7083,158,"Pottuvil","HNB","Hatton National Bank PLC"
7083,166,"Pugoda","HNB","Hatton National Bank PLC"
7083,29,"Pussellawa","HNB","Hatton National Bank PLC"
7083,83,"Puttalam","HNB","Hatton National Bank PLC"
7083,102,"Ragama","HNB","Hatton National Bank PLC"
7083,30,"Ratnapura","HNB","Hatton National Bank PLC"
7083,162,"Rikillagaskada","HNB","Hatton National Bank PLC"
7083,72,"Sea Street","HNB","Hatton National Bank PLC"
7083,186,"Serunuwara","HNB","Hatton National Bank PLC"
7083,170,"Siyabalanduwa","HNB","Hatton National Bank PLC"
7083,36,"Sri Jay'awardanapura Kotte","HNB","Hatton National Bank PLC"
7083,67,"Suriyawewa","HNB","Hatton National Bank PLC"
7083,85,"Talangama","HNB","Hatton National Bank PLC"
7083,86,"Tangalle","HNB","Hatton National Bank PLC"
7083,142,"Thalawathugoda","HNB","Hatton National Bank PLC"
7083,88,"Thambuttegama","HNB","Hatton National Bank PLC"
7083,164,"Thandenweli","HNB","Hatton National Bank PLC"
7083,93,"Thimbirigasyaya","HNB","Hatton National Bank PLC"
7083,134,"Thirukovil","HNB","Hatton National Bank PLC"
7083,144,"Thirunelvely","HNB","Hatton National Bank PLC"
7083,90,"Tissamaharama","HNB","Hatton National Bank PLC"
7083,105,"Treasury Division","HNB","Hatton National Bank PLC"
7083,31,"Trincomalee","HNB","Hatton National Bank PLC"
7083,171,"Udappuwa","HNB","Hatton National Bank PLC"
7083,182,"Uhana","HNB","Hatton National Bank PLC"
7083,175,"Uppuvelli","HNB","Hatton National Bank PLC"
7083,167,"Valachchenai","HNB","Hatton National Bank PLC"
7083,32,"Vavuniya","HNB","Hatton National Bank PLC"
7083,161,"Velanai","HNB","Hatton National Bank PLC"
7083,126,"Warakapola","HNB","Hatton National Bank PLC"
7083,153,"Wariyapola","HNB","Hatton National Bank PLC"
7083,35,"Wattala","HNB","Hatton National Bank PLC"
7083,33,"Welimada","HNB","Hatton National Bank PLC"
7083,130,"Weliweriya","HNB","Hatton National Bank PLC"
7083,9,"Wellawatta","HNB","Hatton National Bank PLC"
7083,106,"Wellawaya","HNB","Hatton National Bank PLC"
7083,110,"Wennappuwa","HNB","Hatton National Bank PLC"
7083,163,"Yakkala","HNB","Hatton National Bank PLC"
7092,7,"Bambalapitiya","HSBC","HSBC"
7092,3,"Colpetty","HSBC","HSBC"
7092,22,"Galle","HSBC","HSBC"
7092,1,"Head Office","HSBC","HSBC"
7092,21,"Jaffna","HSBC","HSBC"
7092,2,"Kandy","HSBC","HSBC"
7092,20,"kohuwela","HSBC","HSBC"
7092,18,"Moratuwa","HSBC","HSBC"
7092,17,"Negombo","HSBC","HSBC"
7092,5,"Nugegoda","HSBC","HSBC"
7092,8,"Pelawatte","HSBC","HSBC"
7092,15,"Premier Centre","HSBC","HSBC"
7092,12,"Union Place","HSBC","HSBC"
7092,14,"Wattala","HSBC","HSBC"
7092,4,"Wellawatte","HSBC","HSBC"
7092,6,"World Trade Center","HSBC","HSBC"
7108,1,"Head Office",,"Indian Bank"
7108,2,"Jaffna",,"Indian Bank"
7117,0,"Head Office",,"Indian Overseas Bank"
7117,1,"Matara",,"Indian Overseas Bank"
7135,228,"Addalachchene","PEO","Peoples Bank"
7135,188,"Ahangama","PEO","Peoples Bank"
7135,63,"Akkaraipattu","PEO","Peoples Bank"
7135,153,"Akurana","PEO","Peoples Bank"
7135,117,"Akuressa","PEO","Peoples Bank"
7135,294,"Alawathugoda","PEO","Peoples Bank"
7135,149,"Alawwa","PEO","Peoples Bank"
7135,84,"Aluthgama","PEO","Peoples Bank"
7135,35,"Ambalangoda","PEO","Peoples Bank"
7135,72,"Ambalantota","PEO","Peoples Bank"
7135,15,"Ampara","PEO","Peoples Bank"
7135,267,"Anamaduwa","PEO","Peoples Bank"
7135,205,"Angunakolapalessa","PEO","Peoples Bank"
7135,183,"Ankumbura","PEO","Peoples Bank"
7135,8,"Anuradhapura","PEO","Peoples Bank"
7135,220,"Anuradhapura-Nuwarawewa","PEO","Peoples Bank"
7135,253,"Aralaganwila","PEO","Peoples Bank"
7135,248,"Aranayake","PEO","Peoples Bank"
7135,107,"Atchchuvely","PEO","Peoples Bank"
7135,29,"Avissawella","PEO","Peoples Bank"
7135,347,"Badalkubura","PEO","Peoples Bank"
7135,87,"Baddegama","PEO","Peoples Bank"
7135,10,"Badulla","PEO","Peoples Bank"
7135,269,"Badulla-Muthiyangana","PEO","Peoples Bank"
7135,283,"Baduraliya","PEO","Peoples Bank"
7135,242,"Bakamuna","PEO","Peoples Bank"
7135,17,"Balangoda","PEO","Peoples Bank"
7135,154,"Balapitiya","PEO","Peoples Bank"
7135,310,"Bambalapitiya","PEO","Peoples Bank"
7135,121,"Bandaragama","PEO","Peoples Bank"
7135,37,"Bandarawela","PEO","Peoples Bank"
7135,234,"Batapola","PEO","Peoples Bank"
7135,208,"Battaramulla","PEO","Peoples Bank"
7135,75,"Batticaloa","PEO","Peoples Bank"
7135,113,"Batticaloa Town","PEO","Peoples Bank"
7135,244,"Beliatta","PEO","Peoples Bank"
7135,311,"Beruwala","PEO","Peoples Bank"
7135,11,"Bibile","PEO","Peoples Bank"
7135,172,"Bingiriya","PEO","Peoples Bank"
7135,209,"Boralanda","PEO","Peoples Bank"
7135,348,"Boralesgamuwa","PEO","Peoples Bank"
7135,78,"Borella","PEO","Peoples Bank"
7135,320,"Borella Town","PEO","Peoples Bank"
7135,252,"Bulathkohupitiya","PEO","Peoples Bank"
7135,161,"Bulathsinhala","PEO","Peoples Bank"
7135,147,"Buttala","PEO","Peoples Bank"
7135,326,"Capricon","PEO","Peoples Bank"
7135,600,"Card Center","PEO","Peoples Bank"
7135,999,"CCD","PEO","Peoples Bank"
7135,108,"Chankanai","PEO","Peoples Bank"
7135,110,"Chavakachcheri","PEO","Peoples Bank"
7135,227,"Chenkalady","PEO","Peoples Bank"
7135,24,"Chilaw","PEO","Peoples Bank"
7135,109,"Chunnakam","PEO","Peoples Bank"
7135,297,"Dam Street","PEO","Peoples Bank"
7135,138,"Dambulla","PEO","Peoples Bank"
7135,291,"Dankotuwa","PEO","Peoples Bank"
7135,206,"Davulagala","PEO","Peoples Bank"
7135,330,"Dehiattakandiya","PEO","Peoples Bank"
7135,293,"Dehiowita","PEO","Peoples Bank"
7135,19,"Dehiwala","PEO","Peoples Bank"
7135,337,"Dehiwela (Galle Rd.)","PEO","Peoples Bank"
7135,118,"Delgoda","PEO","Peoples Bank"
7135,257,"Deltota","PEO","Peoples Bank"
7135,71,"Dematagoda","PEO","Peoples Bank"
7135,132,"Deniyaya","PEO","Peoples Bank"
7135,180,"Deraniyagala","PEO","Peoples Bank"
7135,243,"Devinuwara","PEO","Peoples Bank"
7135,135,"Dickwella","PEO","Peoples Bank"
7135,151,"Diyatalawa","PEO","Peoples Bank"
7135,1,"Duke Street","PEO","Peoples Bank"
7135,85,"Eheliyagoda","PEO","Peoples Bank"
7135,73,"Elpitiya","PEO","Peoples Bank"
7135,45,"Embilipitiya","PEO","Peoples Bank"
7135,170,"Eppawela","PEO","Peoples Bank"
7135,123,"Eravur","PEO","Peoples Bank"
7135,114,"Galagedera","PEO","Peoples Bank"
7135,177,"Galenbindunuwewa","PEO","Peoples Bank"
7135,115,"Galewela","PEO","Peoples Bank"
7135,184,"Galgamuwa","PEO","Peoples Bank"
7135,185,"Galigamuwa","PEO","Peoples Bank"
7135,301,"Galkiriyagama","PEO","Peoples Bank"
7135,13,"Galle Fort","PEO","Peoples Bank"
7135,169,"Galle Main Street","PEO","Peoples Bank"
7135,179,"Galnewa","PEO","Peoples Bank"
7135,26,"Gampaha","PEO","Peoples Bank"
7135,18,"Gampola","PEO","Peoples Bank"
7135,307,"Gandara","PEO","Peoples Bank"
7135,332,"Ganemulla","PEO","Peoples Bank"
7135,97,"Gangodawila","PEO","Peoples Bank"
7135,302,"Ginigathhena","PEO","Peoples Bank"
7135,298,"Ginthupitiya","PEO","Peoples Bank"
7135,268,"Girandurukotte","PEO","Peoples Bank"
7135,92,"Giriulla","PEO","Peoples Bank"
7135,245,"Godakawela","PEO","Peoples Bank"
7135,238,"Gonagaldeniya","PEO","Peoples Bank"
7135,126,"Grandpass","PEO","Peoples Bank"
7135,203,"Habarana","PEO","Peoples Bank"
7135,130,"Hakmana","PEO","Peoples Bank"
7135,195,"Haldummulla","PEO","Peoples Bank"
7135,225,"Haliela","PEO","Peoples Bank"
7135,7,"Hambantota","PEO","Peoples Bank"
7135,22,"Hanguranketha","PEO","Peoples Bank"
7135,229,"Hanwella","PEO","Peoples Bank"
7135,216,"Haputale","PEO","Peoples Bank"
7135,140,"Hasalaka","PEO","Peoples Bank"
7135,341,"Hataraliyadda","PEO","Peoples Bank"
7135,186,"Hatton","PEO","Peoples Bank"
7135,204,"Head Quarters","PEO","Peoples Bank"
7135,221,"Hemmathagama","PEO","Peoples Bank"
7135,144,"Hettipola","PEO","Peoples Bank"
7135,136,"Hikkaduwa","PEO","Peoples Bank"
7135,6,"Hingurakgoda","PEO","Peoples Bank"
7135,49,"Homagama","PEO","Peoples Bank"
7135,41,"Horana","PEO","Peoples Bank"
7135,218,"Horowpathana","PEO","Peoples Bank"
7135,25,"Hyde park Corner","PEO","Peoples Bank"
7135,207,"Ibbagamuwa","PEO","Peoples Bank"
7135,247,"Imaduwa","PEO","Peoples Bank"
7135,300,"Ingiriya","PEO","Peoples Bank"
7135,4,"International Division","PEO","Peoples Bank"
7135,239,"Ja Ela","PEO","Peoples Bank"
7135,284,"Jaffna Kannathiddy","PEO","Peoples Bank"
7135,104,"affna Main Street","PEO","Peoples Bank"
7135,30,"Jaffna Stanley Road","PEO","Peoples Bank"
7135,162,"Jaffna University","PEO","Peoples Bank"
7135,273,"Kadawatha","PEO","Peoples Bank"
7135,159,"Kadugannawa","PEO","Peoples Bank"
7135,196,"Kaduwela","PEO","Peoples Bank"
7135,51,"Kahatagasdigiliya","PEO","Peoples Bank"
7135,155,"Kahawatte","PEO","Peoples Bank"
7135,235,"Kalawana","PEO","Peoples Bank"
7135,339,"Kallar","PEO","Peoples Bank"
7135,23,"Kalmunai","PEO","Peoples Bank"
7135,125,"Kalpitiya","PEO","Peoples Bank"
7135,289,"Kaltota","PEO","Peoples Bank"
7135,39,"Kalutara","PEO","Peoples Bank"
7135,190,"Kaluwanchikudy","PEO","Peoples Bank"
7135,133,"Kamburupitiya","PEO","Peoples Bank"
7135,175,"Kandana","PEO","Peoples Bank"
7135,250,"Kandeketiya","PEO","Peoples Bank"
7135,3,"Kandy","PEO","Peoples Bank"
7135,31,"Kankasanthurai","PEO","Peoples Bank"
7135,90,"Kantale","PEO","Peoples Bank"
7135,223,"Karaitivu","PEO","Peoples Bank"
7135,343,"Karapitiya","PEO","Peoples Bank"
7135,168,"Kataragama","PEO","Peoples Bank"
7135,65,"Kattankudy","PEO","Peoples Bank"
7135,313,"Katubedda","PEO","Peoples Bank"
7135,89,"Katugastota","PEO","Peoples Bank"
7135,276,"Katunayake","PEO","Peoples Bank"
7135,105,"Kayts","PEO","Peoples Bank"
7135,150,"Kebithigollawa","PEO","Peoples Bank"
7135,27,"Kegalle","PEO","Peoples Bank"
7135,299,"Kegalle Bazaar","PEO","Peoples Bank"
7135,259,"Kehelwatte","PEO","Peoples Bank"
7135,42,"Kekirawa","PEO","Peoples Bank"
7135,55,"Kelaniya","PEO","Peoples Bank"
7135,240,"Keppetipola","PEO","Peoples Bank"
7135,327,"Kesbewa","PEO","Peoples Bank"
7135,48,"Kilinochchi","PEO","Peoples Bank"
7135,94,"Kinniya","PEO","Peoples Bank"
7135,237,"Kiribathgoda","PEO","Peoples Bank"
7135,266,"Kiriella","PEO","Peoples Bank"
7135,202,"Kirindiwela","PEO","Peoples Bank"
7135,319,"Kirulapana","PEO","Peoples Bank"
7135,281,"Kobeigane","PEO","Peoples Bank"
7135,142,"Kochchikade","PEO","Peoples Bank"
7135,329,"Koggala","PEO","Peoples Bank"
7135,342,"Kokkaddicholai","PEO","Peoples Bank"
7135,210,"Kollupitiya Co-op House","PEO","Peoples Bank"
7135,194,"Kolonnawa","PEO","Peoples Bank"
7135,260,"Koslanda","PEO","Peoples Bank"
7135,308,"Kotahena","PEO","Peoples Bank"
7135,98,"Kotikawatte","PEO","Peoples Bank"
7135,328,"Kottawa","PEO","Peoples Bank"
7135,288,"Kudawella","PEO","Peoples Bank"
7135,28,"Kuliyapitiya","PEO","Peoples Bank"
7135,12,"Kurunegala","PEO","Peoples Bank"
7135,226,"Kurunegala Maliyadeva","PEO","Peoples Bank"
7135,334,"Kurunegala-Ethugalpura","PEO","Peoples Bank"
7135,263,"Kuruwita","PEO","Peoples Bank"
7135,309,"Liberty Plaza","PEO","Peoples Bank"
7135,331,"Lucky Plaza","PEO","Peoples Bank"
7135,251,"Lunugala","PEO","Peoples Bank"
7135,215,"Madampe","PEO","Peoples Bank"
7135,282,"Maggona","PEO","Peoples Bank"
7135,181,"Maha - Oya","PEO","Peoples Bank"
7135,217,"Mahara","PEO","Peoples Bank"
7135,306,"Maharagama","PEO","Peoples Bank"
7135,303,"Mahawewa","PEO","Peoples Bank"
7135,58,"Mahiyangana","PEO","Peoples Bank"
7135,52,"Maho","PEO","Peoples Bank"
7135,200,"Majestic City","PEO","Peoples Bank"
7135,137,"Makandura","PEO","Peoples Bank"
7135,191,"Malwana","PEO","Peoples Bank"
7135,312,"Malwatta Road","PEO","Peoples Bank"
7135,165,"Mankulam","PEO","Peoples Bank"
7135,44,"Mannar","PEO","Peoples Bank"
7135,236,"Maradana","PEO","Peoples Bank"
7135,100,"Marandagahamula","PEO","Peoples Bank"
7135,322,"Marawila","PEO","Peoples Bank"
7135,346,"Maruthamunai","PEO","Peoples Bank"
7135,178,"Maskeliya","PEO","Peoples Bank"
7135,2,"Matale","PEO","Peoples Bank"
7135,152,"Matara Dharmapala Mawatha","PEO","Peoples Bank"
7135,32,"Matara Uyanwatta","PEO","Peoples Bank"
7135,70,"7Mathugama","PEO","Peoples Bank"
7135,69,"Mawanella","PEO","Peoples Bank"
7135,199,"Mawathagama","PEO","Peoples Bank"
7135,258,"Medagama","PEO","Peoples Bank"
7135,96,"Medawachchiya","PEO","Peoples Bank"
7135,231,"Medirigiriya","PEO","Peoples Bank"
7135,246,"Meegalewa","PEO","Peoples Bank"
7135,344,"Melsiripura","PEO","Peoples Bank"
7135,157,"Menikhinna","PEO","Peoples Bank"
7135,176,"Mid City","PEO","Peoples Bank"
7135,265,"Middeniya","PEO","Peoples Bank"
7135,21,"Minuwangoda","PEO","Peoples Bank"
7135,198,"Mirigama","PEO","Peoples Bank"
7135,68,"Monaragala","PEO","Peoples Bank"
7135,290,"Moratumulla","PEO","Peoples Bank"
7135,91,"Moratuwa","PEO","Peoples Bank"
7135,60,"Morawaka","PEO","Peoples Bank"
7135,336,"Mount Lavinia","PEO","Peoples Bank"
7135,46,"Mudalige Mawatha","PEO","Peoples Bank"
7135,20,"Mulativu","PEO","Peoples Bank"
7135,166,"Murunkan","PEO","Peoples Bank"
7135,95,"Muttur","PEO","Peoples Bank"
7135,214,"Mutuwal","PEO","Peoples Bank"
7135,119,"Narahenpita","PEO","Peoples Bank"
7135,82,"Narammala","PEO","Peoples Bank"
7135,83,"Nattandiya","PEO","Peoples Bank"
7135,146,"Naula","PEO","Peoples Bank"
7135,53,"Nawalapitiya","PEO","Peoples Bank"
7135,249,"Neboda","PEO","Peoples Bank"
7135,34,"Negombo","PEO","Peoples Bank"
7135,106,"Nelliady","PEO","Peoples Bank"
7135,124,"Nikeweratiya","PEO","Peoples Bank"
7135,127,"Nildandahinna.","PEO","Peoples Bank"
7135,296,"Nintavur","PEO","Peoples Bank"
7135,278,"Nittambuwa","PEO","Peoples Bank"
7135,192,"Nivitigala","PEO","Peoples Bank"
7135,171,"Nochchiyagama","PEO","Peoples Bank"
7135,174,"Nugegoda","PEO","Peoples Bank"
7135,335,"Nugegoda City","PEO","Peoples Bank"
7135,134,"Nuwara Eliya","PEO","Peoples Bank"
7135,340,"Oddamavady","PEO","Peoples Bank"
7135,275,"Olcott Mawatha","PEO","Peoples Bank"
7135,796,"Overseas Customers Unit","PEO","Peoples Bank"
7135,43,"Padaviya","PEO","Peoples Bank"
7135,349,"Pallebedda","PEO","Peoples Bank"
7135,241,"Pallepola","PEO","Peoples Bank"
7135,318,"Pamunugama","PEO","Peoples Bank"
7135,148,"Panadura","PEO","Peoples Bank"
7135,321,"Panadura Town","PEO","Peoples Bank"
7135,211,"Panwila","PEO","Peoples Bank"
7135,111,"Paranthan","PEO","Peoples Bank"
7135,116,"Passara","PEO","Peoples Bank"
7135,261,"Pelawatte","PEO","Peoples Bank"
7135,160,"Pelmadulla","PEO","Peoples Bank"
7135,57,"Peradeniya","PEO","Peoples Bank"
7135,139,"Pettah","PEO","Peoples Bank"
7135,256,"Pilimatalawa","PEO","Peoples Bank"
7135,103,"Piliyandala","PEO","Peoples Bank"
7135,279,"Pitakotte","PEO","Peoples Bank"
7135,285,"Point Pedro","PEO","Peoples Bank"
7135,59,"Polgahawela","PEO","Peoples Bank"
7135,5,"Polonnaruwa","PEO","Peoples Bank"
7135,232,"Polonnaruwa Town","PEO","Peoples Bank"
7135,280,"Pothuhera","PEO","Peoples Bank"
7135,164,"Potuvil","PEO","Peoples Bank"
7135,93,"Pugoda","PEO","Peoples Bank"
7135,352,"Pulmudai","PEO","Peoples Bank"
7135,173,"Pundaluoya","PEO","Peoples Bank"
7135,274,"Pussellawa","PEO","Peoples Bank"
7135,9,"Puttalam","PEO","Peoples Bank"
7135,33,"Queens","PEO","Peoples Bank"
7135,36,"Ragala","PEO","Peoples Bank"
7135,316,"Ragama","PEO","Peoples Bank"
7135,129,"Rakwana","PEO","Peoples Bank"
7135,101,"Rambukkana","PEO","Peoples Bank"
7135,345,"Ranna","PEO","Peoples Bank"
7135,80,"Ratmalana","PEO","Peoples Bank"
7135,88,"Ratnapura","PEO","Peoples Bank"
7135,317,"Ratnapura Town","PEO","Peoples Bank"
7135,128,"Ratthota","PEO","Peoples Bank"
7135,193,"Ridigama","PEO","Peoples Bank"
7135,81,"Ruwanwella","PEO","Peoples Bank"
7135,338,"Sainthamaruthu","PEO","Peoples Bank"
7135,64,"Samanthurai","PEO","Peoples Bank"
7135,277,"Sea Street","PEO","Peoples Bank"
7135,324,"Seeduwa","PEO","Peoples Bank"
7135,158,"Senkadagala","PEO","Peoples Bank"
7135,233,"Serunuwara","PEO","Peoples Bank"
7135,56,"Sri Sangaraja Mawatha","PEO","Peoples Bank"
7135,143,"Suduwella","PEO","Peoples Bank"
7135,264,"Suriyawewa","PEO","Peoples Bank"
7135,315,"Talawa","PEO","Peoples Bank"
7135,38,"Talawakele","PEO","Peoples Bank"
7135,272,"Talgaswela","PEO","Peoples Bank"
7135,219,"Tambuttegama","PEO","Peoples Bank"
7135,230,"Tanamalwila","PEO","Peoples Bank"
7135,67,"Tangalle","PEO","Peoples Bank"
7135,112,"Teldeniya","PEO","Peoples Bank"
7135,351,"Thambala","PEO","Peoples Bank"
7135,86,"Thimbirigasyaya","PEO","Peoples Bank"
7135,224,"Thirukkovil","PEO","Peoples Bank"
7135,270,"Thulhiriya","PEO","Peoples Bank"
7135,61,"Tissamaharama","PEO","Peoples Bank"
7135,167,"Town Hall, Colombo","PEO","Peoples Bank"
7135,66,"Trincomalee","PEO","Peoples Bank"
7135,255,"Trincomalee Town","PEO","Peoples Bank"
7135,292,"Udapussellawa","PEO","Peoples Bank"
7135,295,"Udawalawe","PEO","Peoples Bank"
7135,131,"Udugama","PEO","Peoples Bank"
7135,189,"Uhana","PEO","Peoples Bank"
7135,201,"Ukuwela","PEO","Peoples Bank"
7135,14,"Union Place","PEO","Peoples Bank"
7135,197,"Uragasmanhandiya","PEO","Peoples Bank"
7135,271,"Urubokka","PEO","Peoples Bank"
7135,156,"Uva-Paranagama","PEO","Peoples Bank"
7135,102,"Valaichechenai","PEO","Peoples Bank"
7135,40,"Vavuniya","PEO","Peoples Bank"
7135,141,"Velvetiturai","PEO","Peoples Bank"
7135,79,"Veyangoda","PEO","Peoples Bank"
7135,262,"Wadduwa","PEO","Peoples Bank"
7135,304,"Walasgala","PEO","Peoples Bank"
7135,120,"Walasmulla","PEO","Peoples Bank"
7135,325,"Wanduramba","PEO","Peoples Bank"
7135,54,"Warakapola","PEO","Peoples Bank"
7135,163,"Wariyapola","PEO","Peoples Bank"
7135,222," Wattala","PEO","Peoples Bank"
7135,74,"Wattegama","PEO","Peoples Bank"
7135,350,"Weeraketiya","PEO","Peoples Bank"
7135,77,"Weligama","PEO","Peoples Bank"
7135,254,"Welikanda","PEO","Peoples Bank"
7135,16,"Welimada","PEO","Peoples Bank"
7135,145,"Wellawatte","PEO","Peoples Bank"
7135,62,"Wellawaya","PEO","Peoples Bank"
7135,76,"Wennappuwa","PEO","Peoples Bank"
7135,122,"Wilgamuwa","PEO","Peoples Bank"
7135,333,"Yakkala","PEO","Peoples Bank"
7135,47,"Yatiyantota","PEO","Peoples Bank"
7144,1,"Head Office",,"State Bank of India"
7144,2,"Kandy",,"State Bank of India"
7144,32,"Kohuwala",,"State Bank of India"
7162,39,"Anuradhapura","NTB","Nations Trust Bank PLC"
7162,32,"Bandarawela","NTB","Nations Trust Bank PLC"
7162,10,"Battaramulla","NTB","Nations Trust Bank PLC"
7162,34,"Batticaloa","NTB","Nations Trust Bank PLC"
7162,15,"Borella","NTB","Nations Trust Bank PLC"
7162,400,"Card Center","NTB","Nations Trust Bank PLC"
7162,0,"Central Clearing","NTB","Nations Trust Bank PLC"
7162,6,"Corporate","NTB","Nations Trust Bank PLC"
7162,22,"Crescat","NTB","Nations Trust Bank PLC"
7162,23,"Dehiwala","NTB","Nations Trust Bank PLC"
7162,11,"Dharmapala Mawatha","NTB","Nations Trust Bank PLC"
7162,29,"Galle","NTB","Nations Trust Bank PLC"
7162,18,"Gampaha","NTB","Nations Trust Bank PLC"
7162,25,"Havelock Town","NTB","Nations Trust Bank PLC"
7162,31,"Homagama","NTB","Nations Trust Bank PLC"
7162,36,"Horana","NTB","Nations Trust Bank PLC"
7162,35,"Jaffna","NTB","Nations Trust Bank PLC"
7162,21,"Kadawatha","NTB","Nations Trust Bank PLC"
7162,37,"Kalmunai","NTB","Nations Trust Bank PLC"
7162,4,"Kandy","NTB","Nations Trust Bank PLC"
7162,16,"Kiribathgoda","NTB","Nations Trust Bank PLC"
7162,504,"Kohuwala","NTB","Nations Trust Bank PLC"
7162,2,"Kollupitiya","NTB","Nations Trust Bank PLC"
7162,19,"Kotahena","NTB","Nations Trust Bank PLC"
7162,12,"Kurunegala","NTB","Nations Trust Bank PLC"
7162,500,"Liberty Plaza","NTB","Nations Trust Bank PLC"
7162,9,"Mahabage","NTB","Nations Trust Bank PLC"
7162,13,"Maharagama","NTB","Nations Trust Bank PLC"
7162,38,"Malabe","NTB","Nations Trust Bank PLC"
7162,28,"Matara","NTB","Nations Trust Bank PLC"
7162,14,"Moratuwa","NTB","Nations Trust Bank PLC"
7162,502,"Mount Lavinia","NTB","Nations Trust Bank PLC"
7162,27,"Nawala","NTB","Nations Trust Bank PLC"
7162,24,"Nawam Mawatha","NTB","Nations Trust Bank PLC"
7162,7,"Negombo(C.S.P.)","NTB","Nations Trust Bank PLC"
7162,1,"Head Office,","NTB","Nations Trust Bank PLC"
7162,503,"Nugegoda","NTB","Nations Trust Bank PLC"
7162,42,"Nuwara Eliya","NTB","Nations Trust Bank PLC"
7162,17,"Panadura","NTB","Nations Trust Bank PLC"
7162,26,"Peradeniya","NTB","Nations Trust Bank PLC"
7162,8,"Pettah","NTB","Nations Trust Bank PLC"
7162,40,"Piliyandala","NTB","Nations Trust Bank PLC"
7162,41,"Ratnapura","NTB","Nations Trust Bank PLC"
7162,3,"Sri Sangharaja Mw.","NTB","Nations Trust Bank PLC"
7162,30,"Thalawathugoda","NTB","Nations Trust Bank PLC"
7162,33,"Vavuniya","NTB","Nations Trust Bank PLC"
7162,20,"Ward Place","NTB","Nations Trust Bank PLC"
7162,501,"Wattala","NTB","Nations Trust Bank PLC"
7162,5,"Wellawatte","NTB","Nations Trust Bank PLC"
7205,1,"Main Branch",,"Deutsche Bank"
7214,48,"Ambalangoda","NDB","National Development Bank PLC"
7214,49,"Ambalantota","NDB","National Development Bank PLC"
7214,40,"Ampara","NDB","National Development Bank PLC"
7214,19,"Anuradhapura","NDB","National Development Bank PLC"
7214,34,"Awissawella","NDB","National Development Bank PLC"
7214,18,"Badulla","NDB","National Development Bank PLC"
7214,52," Bandarawela","NDB","National Development Bank PLC"
7214,39,"Batticaloa","NDB","National Development Bank PLC"
7214,10,"Chilaw","NDB","National Development Bank PLC"
7214,21,"Galle","NDB","National Development Bank PLC"
7214,29,"Gampaha","NDB","National Development Bank PLC"
7214,51,"Gampola","NDB","National Development Bank PLC"
7214,900,"Head Office(Corporare)","NDB","National Development Bank PLC"
7214,100,"Head Office(Retail)","NDB","National Development Bank PLC"
7214,30,"Homagama","NDB","National Development Bank PLC"
7214,27," Horana","NDB","National Development Bank PLC"
7214,44,"Ja Ela","NDB","National Development Bank PLC"
7214,37,"Jaffna","NDB","National Development Bank PLC"
7214,3,"Jawatta","NDB","National Development Bank PLC"
7214,26,"Kadawatha","NDB","National Development Bank PLC"
7214,16,"Kalutara","NDB","National Development Bank PLC"
7214,28,"Kandana","NDB","National Development Bank PLC"
7214,2,"Kandy","NDB","National Development Bank PLC"
7214,17,"Kegalle","NDB","National Development Bank PLC"
7214,25,"Kiribathgoda","NDB","National Development Bank PLC"
7214,32,"Kohuwala","NDB","National Development Bank PLC"
7214,14,"Kollupitiya","NDB","National Development Bank PLC"
7214,24,"Kotahena","NDB","National Development Bank PLC"
7214,42,"Kuliyapitiya","NDB","National Development Bank PLC"
7214,7,"Kurunegala","NDB","National Development Bank PLC"
7214,12,"Maharagama","NDB","National Development Bank PLC"
7214,31,"Malabe","NDB","National Development Bank PLC"
7214,46,"Matale","NDB","National Development Bank PLC"
7214,6,"Matara","NDB","National Development Bank PLC"
7214,45,"Matugama","NDB","National Development Bank PLC"
7214,15,"Moratuwa","NDB","National Development Bank PLC"
7214,20,"Mount Lavinia","NDB","National Development Bank PLC"
7214,1,"Navam Mawatha","NDB","National Development Bank PLC"
7214,9,"Negombo","NDB","National Development Bank PLC"
7214,4,"Nugegoda","NDB","National Development Bank PLC"
7214,35,"Panadura","NDB","National Development Bank PLC"
7214,22,"Pelawatte","NDB","National Development Bank PLC"
7214,43,"Pettah","NDB","National Development Bank PLC"
7214,50,"Pilimatalawa","NDB","National Development Bank PLC"
7214,23,"Piliyandala","NDB","National Development Bank PLC"
7214,33,"Puttalam","NDB","National Development Bank PLC"
7214,5," Rajagiriya","NDB","National Development Bank PLC"
7214,13,"Ratnapura","NDB","National Development Bank PLC"
7214,38,"Trincomalee","NDB","National Development Bank PLC"
7214,41,"Vavuniya","NDB","National Development Bank PLC"
7214,47,"Wariyapola","NDB","National Development Bank PLC"
7214,11,"Wattala","NDB","National Development Bank PLC"
7214,8,"Wellawatte","NDB","National Development Bank PLC"
7214,36," Wennappuwa","NDB","National Development Bank PLC"
7269,7,"Batticaloa",,"MCB Bank Ltd"
7269,1,"Head Office",,"MCB Bank Ltd"
7269,4,"Islamic Banking Unit",,"MCB Bank Ltd"
7269,6,"Kandy",,"MCB Bank Ltd"
7269,3,"Maradana",,"MCB Bank Ltd"
7269,2,"Pettah",,"MCB Bank Ltd"
7269,5,"Wellawatte",,"MCB Bank Ltd"
7278,139,"2nd Branch Batticaloa","SAM","Sampath Bank PLC"
7278,182,"Ahangama","SAM","Sampath Bank PLC"
7278,111,"Akkaraipattu","SAM","Sampath Bank PLC"
7278,179,"Akuressa","SAM","Sampath Bank PLC"
7278,53,"Alawwa PBC","SAM","Sampath Bank PLC"
7278,79,"Aluthgama","SAM","Sampath Bank PLC"
7278,104,"Ambalantota","SAM","Sampath Bank PLC"
7278,72,"Ambalongoda","SAM","Sampath Bank PLC"
7278,62,"Ampara","SAM","Sampath Bank PLC"
7278,143,"Anamabuwa","SAM","Sampath Bank PLC"
7278,21,"Anuradhapura","SAM","Sampath Bank PLC"
7278,168,"Anuradhapura New Town","SAM","Sampath Bank PLC"
7278,154,"Aralangawila","SAM","Sampath Bank PLC"
7278,67,"Athurugiriya PBC","SAM","Sampath Bank PLC"
7278,89,"Attidiya","SAM","Sampath Bank PLC"
7278,22,"Avissawella","SAM","Sampath Bank PLC"
7278,118,"Baddegama","SAM","Sampath Bank PLC"
7278,93,"Badulla","SAM","Sampath Bank PLC"
7278,97,"Balangoda","SAM","Sampath Bank PLC"
7278,11,"Bambalapitiya","SAM","Sampath Bank PLC"
7278,59,"Bandaragama","SAM","Sampath Bank PLC"
7278,46,"Bandarawela","SAM","Sampath Bank PLC"
7278,61,"Battaramulla","SAM","Sampath Bank PLC"
7278,107,"Batticaloa","SAM","Sampath Bank PLC"
7278,180,"Beliatta","SAM","Sampath Bank PLC"
7278,161,"Bibile","SAM","Sampath Bank PLC"
7278,142,"Boralesgamuwa","SAM","Sampath Bank PLC"
7278,4,"Borella","SAM","Sampath Bank PLC"
7278,145,"Buttala","SAM","Sampath Bank PLC"
7278,996,"Card Centre","SAM","Sampath Bank PLC"
7278,993,"Central Clearing Department","SAM","Sampath Bank PLC"
7278,164,"Chankanai","SAM","Sampath Bank PLC"
7278,169,"Chavakachcheri","SAM","Sampath Bank PLC"
7278,121,"Chenkalady","SAM","Sampath Bank PLC"
7278,108,"Chilaw","SAM","Sampath Bank PLC"
7278,128,"Chunnakam","SAM","Sampath Bank PLC"
7278,1,"City Office","SAM","Sampath Bank PLC"
7278,175,"Colombo Super","SAM","Sampath Bank PLC"
7278,90,"Dambulla","SAM","Sampath Bank PLC"
7278,196,"Dankotuwa","SAM","Sampath Bank PLC"
7278,167,"Dehiattakandiya","SAM","Sampath Bank PLC"
7278,17,"Dehiwala","SAM","Sampath Bank PLC"
7278,202,"Delgoda","SAM","Sampath Bank PLC"
7278,14,"Deniyaya","SAM","Sampath Bank PLC"
7278,49,"Deraniyagala PBC","SAM","Sampath Bank PLC"
7278,85,"Digana PBC","SAM","Sampath Bank PLC"
7278,198,"Divulapitiya","SAM","Sampath Bank PLC"
7278,20,"Eheliyagoda","SAM","Sampath Bank PLC"
7278,43,"Embilipitiya","SAM","Sampath Bank PLC"
7278,114,"Embuldeniya","SAM","Sampath Bank PLC"
7278,12,"Fort","SAM","Sampath Bank PLC"
7278,190,"Galewela","SAM","Sampath Bank PLC"
7278,35,"Galle","SAM","Sampath Bank PLC"
7278,159,"Galle Bazaar","SAM","Sampath Bank PLC"
7278,16,"Gampaha","SAM","Sampath Bank PLC"
7278,101,"Gampola","SAM","Sampath Bank PLC"
7278,78,"Ganemulla PBC","SAM","Sampath Bank PLC"
7278,135,"Gangodawila","SAM","Sampath Bank PLC"
7278,95,"Giriulla","SAM","Sampath Bank PLC"
7278,173,"Gothatuwa New Town","SAM","Sampath Bank PLC"
7278,127,"Grandpass","SAM","Sampath Bank PLC"
7278,70,"Gregorys Road PBC","SAM","Sampath Bank PLC"
7278,181,"Habaraduwa","SAM","Sampath Bank PLC"
7278,137,"Hanwella","SAM","Sampath Bank PLC"
7278,58,"Harbour-View PBC","SAM","Sampath Bank PLC"
7278,80,"Hatton","SAM","Sampath Bank PLC"
7278,29,"Head Quarters","SAM","Sampath Bank PLC"
7278,187,"Hettipola","SAM","Sampath Bank PLC"
7278,110,"Hingurakgoda","SAM","Sampath Bank PLC"
7278,69,"Homagama","SAM","Sampath Bank PLC"
7278,57,"Horana","SAM","Sampath Bank PLC"
7278,140,"Ingiriya","SAM","Sampath Bank PLC"
7278,98,"Ja-Ela","SAM","Sampath Bank PLC"
7278,120,"Jaffna","SAM","Sampath Bank PLC"
7278,60,"Kadawatha","SAM","Sampath Bank PLC"
7278,38,"Kaduruwela","SAM","Sampath Bank PLC"
7278,162,"Kaduwela","SAM","Sampath Bank PLC"
7278,203,"Kahatagasdigiliya","SAM","Sampath Bank PLC"
7278,41,"Kalawana","SAM","Sampath Bank PLC"
7278,112,"Kalmunai","SAM","Sampath Bank PLC"
7278,50,"Kalutara","SAM","Sampath Bank PLC"
7278,125,"Kaluwanchikudy","SAM","Sampath Bank PLC"
7278,76,"Kandana","SAM","Sampath Bank PLC"
7278,7,"Kandy","SAM","Sampath Bank PLC"
7278,123,"Kandy City Centre","SAM","Sampath Bank PLC"
7278,100,"Kandy Metro","SAM","Sampath Bank PLC"
7278,172,"Kantale","SAM","Sampath Bank PLC"
7278,141,"Karapitiya","SAM","Sampath Bank PLC"
7278,115,"Kattankudy","SAM","Sampath Bank PLC"
7278,32,"Katugastota","SAM","Sampath Bank PLC"
7278,171,"Kayts","SAM","Sampath Bank PLC"
7278,64,"Kegall","SAM","Sampath Bank PLC"
7278,149,"Kekirawa","SAM","Sampath Bank PLC"
7278,151,"Keselwatta","SAM","Sampath Bank PLC"
7278,148,"Kilinochchi","SAM","Sampath Bank PLC"
7278,177,"Kinniya","SAM","Sampath Bank PLC"
7278,5,"Kiribathgoda","SAM","Sampath Bank PLC"
7278,200,"Kiribathgoda","SAM","Sampath Bank PLC"
7278,83,"Kirindiwela PBC","SAM","Sampath Bank PLC"
7278,117,"Kirulapone","SAM","Sampath Bank PLC"
7278,165,"Kochchikade","SAM","Sampath Bank PLC"
7278,94,"Kohuwela","SAM","Sampath Bank PLC"
7278,134,"Kollupitiya","SAM","Sampath Bank PLC"
7278,37,"Kotahena","SAM","Sampath Bank PLC"
7278,87,"Kottawa Laugfs Sun Up","SAM","Sampath Bank PLC"
7278,52,"Kottawa PBC","SAM","Sampath Bank PLC"
7278,23,"Kuliyapitiya","SAM","Sampath Bank PLC"
7278,133,"Kundasale","SAM","Sampath Bank PLC"
7278,6,"Kurunegala","SAM","Sampath Bank PLC"
7278,189,"Madampe","SAM","Sampath Bank PLC"
7278,13,"Maharagama","SAM","Sampath Bank PLC"
7278,56,"Mahiyanganaya","SAM","Sampath Bank PLC"
7278,197,"Maho","SAM","Sampath Bank PLC"
7278,42,"Main Street","SAM","Sampath Bank PLC"
7278,39,"Malabe","SAM","Sampath Bank PLC"
7278,191,"Maligawatte","SAM","Sampath Bank PLC"
7278,174,"Mallavi","SAM","Sampath Bank PLC"
7278,147,"Manipay","SAM","Sampath Bank PLC"
7278,119,"Mannar","SAM","Sampath Bank PLC"
7278,144,"Maradana","SAM","Sampath Bank PLC"
7278,183,"Marandagahamula","SAM","Sampath Bank PLC"
7278,194,"Marawila","SAM","Sampath Bank PLC"
7278,25,"Matale","SAM","Sampath Bank PLC"
7278,10,"Matara","SAM","Sampath Bank PLC"
7278,153," Matara Bazaar","SAM","Sampath Bank PLC"
7278,176,"Mattegoda","SAM","Sampath Bank PLC"
7278,106,"Matugama","SAM","Sampath Bank PLC"
7278,160,"Mawanella","SAM","Sampath Bank PLC"
7278,109,"Mawathagama","SAM","Sampath Bank PLC"
7278,184,"Menikhinna","SAM","Sampath Bank PLC"
7278,158,"Middeniya","SAM","Sampath Bank PLC"
7278,65,"Minuwangoda","SAM","Sampath Bank PLC"
7278,86,"Mirigama","SAM","Sampath Bank PLC"
7278,74,"Monaragala","SAM","Sampath Bank PLC"
7278,155,"Moratumulla","SAM","Sampath Bank PLC"
7278,31,"Moratuwa","SAM","Sampath Bank PLC"
7278,15,"Morawaka","SAM","Sampath Bank PLC"
7278,199,"Mount Lavinia","SAM","Sampath Bank PLC"
7278,193,"Mutwal","SAM","Sampath Bank PLC"
7278,40,"Narahenpita","SAM","Sampath Bank PLC"
7278,99,"Narammala","SAM","Sampath Bank PLC"
7278,132,"Nattandiya","SAM","Sampath Bank PLC"
7278,82,"Nawala","SAM","Sampath Bank PLC"
7278,195,"Nawalapitiya","SAM","Sampath Bank PLC"
7278,9,"Nawam Mawatha","SAM","Sampath Bank PLC"
7278,24,"Negombo","SAM","Sampath Bank PLC"
7278,88,"Negombo 2nd","SAM","Sampath Bank PLC"
7278,129,"Nelliady","SAM","Sampath Bank PLC"
7278,54,"Neluwa PBC","SAM","Sampath Bank PLC"
7278,102,"Nikaweratiya","SAM","Sampath Bank PLC"
7278,185,"Ninthavur","SAM","Sampath Bank PLC"
7278,71,"Nittambuwa","SAM","Sampath Bank PLC"
7278,138,"Nochchiyagama","SAM","Sampath Bank PLC"
7278,3,"Nugegoda","SAM","Sampath Bank PLC"
7278,84,"Nuwara Eliya","SAM","Sampath Bank PLC"
7278,124,"Oddamavady","SAM","Sampath Bank PLC"
7278,27,"Old Moor Street","SAM","Sampath Bank PLC"
7278,192,"Padukka","SAM","Sampath Bank PLC"
7278,26,"Panadura","SAM","Sampath Bank PLC"
7278,47,"Panadura Wekada","SAM","Sampath Bank PLC"
7278,166,"Pannala","SAM","Sampath Bank PLC"
7278,146,"Passara","SAM","Sampath Bank PLC"
7278,63,"Pelawatte PBC","SAM","Sampath Bank PLC"
7278,136,"Peliyagoda","SAM","Sampath Bank PLC"
7278,103,"Pelmadulla","SAM","Sampath Bank PLC"
7278,51,"Peradeniya PBC","SAM","Sampath Bank PLC"
7278,2,"Pettah","SAM","Sampath Bank PLC"
7278,150,"Pilimatalawa","SAM","Sampath Bank PLC"
7278,19,"Piliyandala","SAM","Sampath Bank PLC"
7278,91,"Pitakotte","SAM","Sampath Bank PLC"
7278,131,"Platinum Plus","SAM","Sampath Bank PLC"
7278,130,"Pottuvil","SAM","Sampath Bank PLC"
7278,152,"Pussellawa","SAM","Sampath Bank PLC"
7278,156,"Puttalam","SAM","Sampath Bank PLC"
7278,73,"Ragama PBC","SAM","Sampath Bank PLC"
7278,122,"Rajagiriya","SAM","Sampath Bank PLC"
7278,188,"Rambukkana","SAM","Sampath Bank PLC"
7278,33,"Rathnapura","SAM","Sampath Bank PLC"
7278,18,"Ratmalana","SAM","Sampath Bank PLC"
7278,163,"Rikillagaskada","SAM","Sampath Bank PLC"
7278,201,"Ruwanwella","SAM","Sampath Bank PLC"
7278,126,"Sainthamaruthu","SAM","Sampath Bank PLC"
7278,929,"Sampath Viswa","SAM","Sampath Bank PLC"
7278,96,"Singer Mega - Wattala","SAM","Sampath Bank PLC"
7278,92,"Singer Mega-Maharagama","SAM","Sampath Bank PLC"
7278,157,"Sooriyawewa","SAM","Sampath Bank PLC"
7278,116,"Tangalle","SAM","Sampath Bank PLC"
7278,178,"Thalawathugoda","SAM","Sampath Bank PLC"
7278,48,"Thambuttegama (PBC)","SAM","Sampath Bank PLC"
7278,34,"Thimbirigasyaya","SAM","Sampath Bank PLC"
7278,186,"Thirunelvely","SAM","Sampath Bank PLC"
7278,28,"Tissamaharama","SAM","Sampath Bank PLC"
7278,66,"Trincomalee","SAM","Sampath Bank PLC"
7278,55,"Vavunia","SAM","Sampath Bank PLC"
7278,170,"Vavuniya Super","SAM","Sampath Bank PLC"
7278,77,"veyangoda PBC","SAM","Sampath Bank PLC"
7278,75,"Wadduwa PBC","SAM","Sampath Bank PLC"
7278,44,"Wariyapola (PBC)","SAM","Sampath Bank PLC"
7278,8,"Wattala","SAM","Sampath Bank PLC"
7278,105,"Wattegama","SAM","Sampath Bank PLC"
7278,81,"Welimada","SAM","Sampath Bank PLC"
7278,45,"Wellampitiya (PBC)","SAM","Sampath Bank PLC"
7278,36,"Wellawatte","SAM","Sampath Bank PLC"
7278,113,"Wellawaya","SAM","Sampath Bank PLC"
7278,30,"Wennappuwa","SAM","Sampath Bank PLC"
7278,68,"Yakkala PBC","SAM","Sampath Bank PLC"
7287,24,"Ambalangoda","SEY","Seylan Bank PLC"
7287,91,"Ampara","SEY","Seylan Bank PLC"
7287,21,"Anuradhapura","SEY","Seylan Bank PLC"
7287,41,"Attidiya","SEY","Seylan Bank PLC"
7287,75,"Awissawella","SEY","Seylan Bank PLC"
7287,26,"Badulla","SEY","Seylan Bank PLC"
7287,20,"Balangoda","SEY","Seylan Bank PLC"
7287,54,"Bandaragama","SEY","Seylan Bank PLC"
7287,46,"Bandarawela","SEY","Seylan Bank PLC"
7287,73,"Batticaloa","SEY","Seylan Bank PLC"
7287,65,"Beliatta","SEY","Seylan Bank PLC"
7287,59,"Bogawanthalawa","SEY","Seylan Bank PLC"
7287,34,"Boralesgamuwa","SEY","Seylan Bank PLC"
7287,82,"Borella","SEY","Seylan Bank PLC"
7287,996,"Central Processing Unit","SEY","Seylan Bank PLC"
7287,30,"Ceylinco House","SEY","Seylan Bank PLC"
7287,95,"Chavakachcheri","SEY","Seylan Bank PLC"
7287,98,"Chenkalady","SEY","Seylan Bank PLC"
7287,15,"Chilaw","SEY","Seylan Bank PLC"
7287,32,"Cinnamon Gardens","SEY","Seylan Bank PLC"
7287,1,"City Office","SEY","Seylan Bank PLC"
7287,68,"Colombo South","SEY","Seylan Bank PLC"
7287,69,"Dam Street","SEY","Seylan Bank PLC"
7287,29,"Dehiattakandiya","SEY","Seylan Bank PLC"
7287,14,"Dehiwala","SEY","Seylan Bank PLC"
7287,45,"Embilipitiya","SEY","Seylan Bank PLC"
7287,16,"Galle","SEY","Seylan Bank PLC"
7287,11,"Gampaha","SEY","Seylan Bank PLC"
7287,25,"Gampola","SEY","Seylan Bank PLC"
7287,60,"Ganemulla","SEY","Seylan Bank PLC"
7287,22,"Grandpass","SEY","Seylan Bank PLC"
7287,81,"Hambantota","SEY","Seylan Bank PLC"
7287,39,"Hatton","SEY","Seylan Bank PLC"
7287,83,"Havelock Town","SEY","Seylan Bank PLC"
7287,51,"Hingurakgoda","SEY","Seylan Bank PLC"
7287,43,"Homagama","SEY","Seylan Bank PLC"
7287,23,"Horana","SEY","Seylan Bank PLC"
7287,27,"Ja-Ela","SEY","Seylan Bank PLC"
7287,85,"Jaffna","SEY","Seylan Bank PLC"
7287,28,"Kadawatha","SEY","Seylan Bank PLC"
7287,97,"Kalmunai","SEY","Seylan Bank PLC"
7287,42,"Kalubowila","SEY","Seylan Bank PLC"
7287,36,"Kalutara","SEY","Seylan Bank PLC"
7287,17,"Kandy","SEY","Seylan Bank PLC"
7287,74,"Kaththankudy","SEY","Seylan Bank PLC"
7287,31,"Katunayaka","SEY","Seylan Bank PLC"
7287,55,"Katuneriya","SEY","Seylan Bank PLC"
7287,10,"Kegalle","SEY","Seylan Bank PLC"
7287,77,"Kekirawa","SEY","Seylan Bank PLC"
7287,93,"Kilinochchi","SEY","Seylan Bank PLC"
7287,6,"Kiribathgoda","SEY","Seylan Bank PLC"
7287,58,"Kochchikade","SEY","Seylan Bank PLC"
7287,56,"Koggala","SEY","Seylan Bank PLC"
7287,8,"Kollupitiya","SEY","Seylan Bank PLC"
7287,61,"Kotagala Talawakale","SEY","Seylan Bank PLC"
7287,80,"Kotiyakumbura","SEY","Seylan Bank PLC"
7287,33,"Kottawa","SEY","Seylan Bank PLC"
7287,44,"Kuliyapitiya","SEY","Seylan Bank PLC"
7287,18,"Kurunegala","SEY","Seylan Bank PLC"
7287,4,"Maharagama","SEY","Seylan Bank PLC"
7287,67,"Malabe","SEY","Seylan Bank PLC"
7287,53,"Manampitiya","SEY","Seylan Bank PLC"
7287,94,"Mannar","SEY","Seylan Bank PLC"
7287,47,"Maradana","SEY","Seylan Bank PLC"
7287,84,"Marandagahamula","SEY","Seylan Bank PLC"
7287,38,"Matale","SEY","Seylan Bank PLC"
7287,2,"Matara","SEY","Seylan Bank PLC"
7287,66,"Mathugama","SEY","Seylan Bank PLC"
7287,48,"Mawanella","SEY","Seylan Bank PLC"
7287,89,"Meegoda","SEY","Seylan Bank PLC"
7287,86,"Millenium","SEY","Seylan Bank PLC"
7287,78,"Mirigama","SEY","Seylan Bank PLC"
7287,9,"Moratuwa","SEY","Seylan Bank PLC"
7287,3,"Mount Lavinia","SEY","Seylan Bank PLC"
7287,96,"Mullativu","SEY","Seylan Bank PLC"
7287,52,"Nawala","SEY","Seylan Bank PLC"
7287,76,"Nawalapitiya","SEY","Seylan Bank PLC"
7287,13,"Negombo","SEY","Seylan Bank PLC"
7287,92,"Nelliady","SEY","Seylan Bank PLC"
7287,12,"Nugegoda","SEY","Seylan Bank PLC"
7287,19,"Nuwara Eliya","SEY","Seylan Bank PLC"
7287,50,"Old Moor Street","SEY","Seylan Bank PLC"
7287,5,"Panadura","SEY","Seylan Bank PLC"
7287,90,"Pelmadulla.","SEY","Seylan Bank PLC"
7287,64,"Pettah","SEY","Seylan Bank PLC"
7287,49,"Puttalam","SEY","Seylan Bank PLC"
7287,62,"Raddolugama","SEY","Seylan Bank PLC"
7287,87,"Ranpokunugama","SEY","Seylan Bank PLC"
7287,7,"Ratnapura","SEY","Seylan Bank PLC"
7287,998,"Retail Remittance Center","SEY","Seylan Bank PLC"
7287,40,"Sarikkamulla","SEY","Seylan Bank PLC"
7287,997,"Seylan Card Centre (SCC)","SEY","Seylan Bank PLC"
7287,79,"Soysapura","SEY","Seylan Bank PLC"
7287,37,"Tissamaharama","SEY","Seylan Bank PLC"
7287,88,"Trincomalee","SEY","Seylan Bank PLC"
7287,72,"Vavuniya","SEY","Seylan Bank PLC"
7287,70,"Warakapola","SEY","Seylan Bank PLC"
7287,71,"Wattala","SEY","Seylan Bank PLC"
7287,57,"Welimada","SEY","Seylan Bank PLC"
7287,63,"Weliveriya","SEY","Seylan Bank PLC"
7287,35,"Yakkala","SEY","Seylan Bank PLC"
7296,1,"Head Office",,"Public Bank"
7302,1,"Head Office",,"Union Bank of Colombo PLC"
7311,60,"Akkaraipaththu","PAN ASIA","Pan Asia Banking Corporation PLC"
7311,41,"Ambalangoda","PAN ASIA","Pan Asia Banking Corporation PLC"
7311,53,"Ambalanthota","PAN ASIA","Pan Asia Banking Corporation PLC"
7311,32,"Anuradhapura","PAN ASIA","Pan Asia Banking Corporation PLC"
7311,45,"Badulla","PAN ASIA","Pan Asia Banking Corporation PLC"
7311,62,"Balangoda","PAN ASIA","Pan Asia Banking Corporation PLC"
7311,9,"Bambalapitiya","PAN ASIA","Pan Asia Banking Corporation PLC"
7311,48,"Bandarawela","PAN ASIA","Pan Asia Banking Corporation PLC"
7311,40,"Batticaloa","PAN ASIA","Pan Asia Banking Corporation PLC"
7311,31,"Borella","PAN ASIA","Pan Asia Banking Corporation PLC"
7311,36,"Chilaw","PAN ASIA","Pan Asia Banking Corporation PLC"
7311,61,"Chunnakam","PAN ASIA","Pan Asia Banking Corporation PLC"
7311,19,"Dam Street","PAN ASIA","Pan Asia Banking Corporation PLC"
7311,49,"Dambulla","PAN ASIA","Pan Asia Banking Corporation PLC"
7311,15,"Dehiwela","PAN ASIA","Pan Asia Banking Corporation PLC"
7311,38,"Embilipitiya","PAN ASIA","Pan Asia Banking Corporation PLC"
7311,25,"Galle","PAN ASIA","Pan Asia Banking Corporation PLC"
7311,11,"Gampaha","PAN ASIA","Pan Asia Banking Corporation PLC"
7311,30,"Gampola","PAN ASIA","Pan Asia Banking Corporation PLC"
7311,37,"Jaffna","PAN ASIA","Pan Asia Banking Corporation PLC"
7311,26,"Kadawatha","PAN ASIA","Pan Asia Banking Corporation PLC"
7311,52,"Kaduruwela","PAN ASIA","Pan Asia Banking Corporation PLC"
7311,42,"Kalmunai","PAN ASIA","Pan Asia Banking Corporation PLC"
7311,47,"Kalubowila","PAN ASIA","Pan Asia Banking Corporation PLC"
7311,33,"Kalutara","PAN ASIA","Pan Asia Banking Corporation PLC"
7311,5,"Kandy","PAN ASIA","Pan Asia Banking Corporation PLC"
7311,44,"Kandy City Centre","PAN ASIA","Pan Asia Banking Corporation PLC"
7311,57,"Kanthankudy","PAN ASIA","Pan Asia Banking Corporation PLC"
7311,20,"Katugastota","PAN ASIA","Pan Asia Banking Corporation PLC"
7311,27,"Kegalle","PAN ASIA","Pan Asia Banking Corporation PLC"
7311,43,"Kilinochchi","PAN ASIA","Pan Asia Banking Corporation PLC"
7311,54,"Kiribathgoda","PAN ASIA","Pan Asia Banking Corporation PLC"
7311,22,"Kirulapana","PAN ASIA","Pan Asia Banking Corporation PLC"
7311,3,"Kollupitiya","PAN ASIA","Pan Asia Banking Corporation PLC"
7311,14,"Kotahena","PAN ASIA","Pan Asia Banking Corporation PLC"
7311,46,"Kuliyapitiya","PAN ASIA","Pan Asia Banking Corporation PLC"
7311,58,"Kundasale","PAN ASIA","Pan Asia Banking Corporation PLC"
7311,12,"Kurunegala","PAN ASIA","Pan Asia Banking Corporation PLC"
7311,23,"Maharagama","PAN ASIA","Pan Asia Banking Corporation PLC"
7311,35,"Malabe","PAN ASIA","Pan Asia Banking Corporation PLC"
7311,39,"Matale","PAN ASIA","Pan Asia Banking Corporation PLC"
7311,13,"Matara","PAN ASIA","Pan Asia Banking Corporation PLC"
7311,1,"Metro","PAN ASIA","Pan Asia Banking Corporation PLC"
7311,59,"Monaragala","PAN ASIA","Pan Asia Banking Corporation PLC"
7311,24,"Moratuwa","PAN ASIA","Pan Asia Banking Corporation PLC"
7311,21,"Narahenpita","PAN ASIA","Pan Asia Banking Corporation PLC"
7311,10,"Negombo","PAN ASIA","Pan Asia Banking Corporation PLC"
7311,56,"Nelliady","PAN ASIA","Pan Asia Banking Corporation PLC"
7311,8,"Nugegoda","PAN ASIA","Pan Asia Banking Corporation PLC"
7311,18,"Old Moor Street","PAN ASIA","Pan Asia Banking Corporation PLC"
7311,17,"Panadura","PAN ASIA","Pan Asia Banking Corporation PLC"
7311,2,"Panchikawatte","PAN ASIA","Pan Asia Banking Corporation PLC"
7311,51,"Peradeniya","PAN ASIA","Pan Asia Banking Corporation PLC"
7311,4,"Pettah","PAN ASIA","Pan Asia Banking Corporation PLC"
7311,55,"Piliyandala","PAN ASIA","Pan Asia Banking Corporation PLC"
7311,6,"Rajagiriya","PAN ASIA","Pan Asia Banking Corporation PLC"
7311,50,"Ratmalana","PAN ASIA","Pan Asia Banking Corporation PLC"
7311,7,"Ratnapura","PAN ASIA","Pan Asia Banking Corporation PLC"
7311,34,"Vavuniya","PAN ASIA","Pan Asia Banking Corporation PLC"
7311,16,"Wattala","PAN ASIA","Pan Asia Banking Corporation PLC"
7311,29,"Wellawatta","PAN ASIA","Pan Asia Banking Corporation PLC"
7311,28,"Wennappuwa","PAN ASIA","Pan Asia Banking Corporation PLC"
7384,1,"Sri Lanka Branch",,"ICICI Bank Ltd"
7454,38,"Ambalangoda","DFCC","DFCC Vardhana Bank Ltd"
7454,41,"Ampara","DFCC","DFCC Vardhana Bank Ltd"
7454,9,"Anuradhapura","DFCC","DFCC Vardhana Bank Ltd"
7454,39,"Avissawella","DFCC","DFCC Vardhana Bank Ltd"
7454,11,"Badulla","DFCC","DFCC Vardhana Bank Ltd"
7454,17,"Bandarawela","DFCC","DFCC Vardhana Bank Ltd"
7454,40,"Batticaloa","DFCC","DFCC Vardhana Bank Ltd"
7454,12,"Borella","DFCC","DFCC Vardhana Bank Ltd"
7454,531,"Central Province SLP Units","DFCC","DFCC Vardhana Bank Ltd"
7454,32,"Chilaw","DFCC","DFCC Vardhana Bank Ltd"
7454,7,"City Office","DFCC","DFCC Vardhana Bank Ltd"
7454,20,"Dambulla","DFCC","DFCC Vardhana Bank Ltd"
7454,25,"Deniyaya","DFCC","DFCC Vardhana Bank Ltd"
7454,561,"Eastern Province SLP Units","DFCC","DFCC Vardhana Bank Ltd"
7454,45,"Embilipitiya","DFCC","DFCC Vardhana Bank Ltd"
7454,35,"Galle","DFCC","DFCC Vardhana Bank Ltd"
7454,10,"Gampaha","DFCC","DFCC Vardhana Bank Ltd"
7454,30,"Gampola","DFCC","DFCC Vardhana Bank Ltd"
7454,1,"Head Office","DFCC","DFCC Vardhana Bank Ltd"
7454,34,"Horana","DFCC","DFCC Vardhana Bank Ltd"
7454,42,"Jaffna","DFCC","DFCC Vardhana Bank Ltd"
7454,29,"Kadawatha","DFCC","DFCC Vardhana Bank Ltd"
7454,14,"Kaduruwela","DFCC","DFCC Vardhana Bank Ltd"
7454,37,"Kalawana","DFCC","DFCC Vardhana Bank Ltd"
7454,26,"Kaluthara","DFCC","DFCC Vardhana Bank Ltd"
7454,6,"Katugastota","DFCC","DFCC Vardhana Bank Ltd"
7454,48,"Katugastota","DFCC","DFCC Vardhana Bank Ltd"
7454,49,"Kegalle","DFCC","DFCC Vardhana Bank Ltd"
7454,27,"Kiribathgoda","DFCC","DFCC Vardhana Bank Ltd"
7454,15,"Kotahena","DFCC","DFCC Vardhana Bank Ltd"
7454,19,"Kottawa","DFCC","DFCC Vardhana Bank Ltd"
7454,22,"Kuliyapitiya","DFCC","DFCC Vardhana Bank Ltd"
7454,5,"Kurunegala","DFCC","DFCC Vardhana Bank Ltd"
7454,16,"Maharagama","DFCC","DFCC Vardhana Bank Ltd"
7454,3,"Malabe","DFCC","DFCC Vardhana Bank Ltd"
7454,31,"Matale","DFCC","DFCC Vardhana Bank Ltd"
7454,4,"Matara","DFCC","DFCC Vardhana Bank Ltd"
7454,43,"Moratuwa","DFCC","DFCC Vardhana Bank Ltd"
7454,28,"Nawala","DFCC","DFCC Vardhana Bank Ltd"
7454,18,"Negambo","DFCC","DFCC Vardhana Bank Ltd"
7454,551,"North Central Province SLP Units","DFCC","DFCC Vardhana Bank Ltd"
7454,521,"North Western Province SLP Units","DFCC","DFCC Vardhana Bank Ltd"
7454,2,"Nugegoda","DFCC","DFCC Vardhana Bank Ltd"
7454,36,"Nuwara Eliya","DFCC","DFCC Vardhana Bank Ltd"
7454,23,"Panadura","DFCC","DFCC Vardhana Bank Ltd"
7454,46,"Pettah","DFCC","DFCC Vardhana Bank Ltd"
7454,24,"Piliyandala","DFCC","DFCC Vardhana Bank Ltd"
7454,8,"Rathnapura","DFCC","DFCC Vardhana Bank Ltd"
7454,541,"Sabaragamuwa Province SLP Units","DFCC","DFCC Vardhana Bank Ltd"
7454,501,"Southern Province SLP Units","DFCC","DFCC Vardhana Bank Ltd"
7454,44,"Trincomalee","DFCC","DFCC Vardhana Bank Ltd"
7454,571,"Uva Province SLP Units","DFCC","DFCC Vardhana Bank Ltd"
7454,47,"Vavuniya","DFCC","DFCC Vardhana Bank Ltd"
7454,21,"Wattala","DFCC","DFCC Vardhana Bank Ltd"
7454,33,"Wellawatte","DFCC","DFCC Vardhana Bank Ltd"
7454,511,"Western Province SLP Units","DFCC","DFCC Vardhana Bank Ltd"
7463,15,"Akkaraipattu","AMANA","Amana Bank Limited"
7463,10,"Akurana","AMANA","Amana Bank Limited"
7463,8,"Galle","AMANA","Amana Bank Limited"
7463,11,"Gampola","AMANA","Amana Bank Limited"
7463,1,"Head Office","AMANA","Amana Bank Limited"
7463,6,"Kalmunai","AMANA","Amana Bank Limited"
7463,3,"Kandy","AMANA","Amana Bank Limited"
7463,4,"Kattankudy","AMANA","Amana Bank Limited"
7463,14,"Kurunegala","AMANA","Amana Bank Limited"
7463,5,"Ladies","AMANA","Amana Bank Limited"
7463,13,"Mawanella","AMANA","Amana Bank Limited"
7463,9,"Oddamavadi","AMANA","Amana Bank Limited"
7463,2,"Pettah","AMANA","Amana Bank Limited"
7463,12,"Sammanthurai","AMANA","Amana Bank Limited"
7719,752,"Akkaraipattu","NSB","National Savings Bank"
7719,55,"Akuressa","NSB","National Savings Bank"
7719,742,"Alawwa","NSB","National Savings Bank"
7719,105,"Aluthgama","NSB","National Savings Bank"
7719,33,"Ambalangoda","NSB","National Savings Bank"
7719,11,"Ambalantota","NSB","National Savings Bank"
7719,30,"Ampara","NSB","National Savings Bank"
7719,746,"Anamaduwa","NSB","National Savings Bank"
7719,5,"Anuradhapura","NSB","National Savings Bank"
7719,721,"Aranayake Piyasa","NSB","National Savings Bank"
7719,727,"Arayampathy","NSB","National Savings Bank"
7719,718,"Atchuvely NSB Piyasa","NSB","National Savings Bank"
7719,703,"Athurugiriya Piyasa","NSB","National Savings Bank"
7719,57,"Avissawella","NSB","National Savings Bank"
7719,734,"Baddegama","NSB","National Savings Bank"
7719,22,"Badulla","NSB","National Savings Bank"
7719,91,"Balangoda","NSB","National Savings Bank"
7719,23,"Bambalapitiya","NSB","National Savings Bank"
7719,126,"Bandaragama","NSB","National Savings Bank"
7719,60,"Bandarawela","NSB","National Savings Bank"
7719,80,"Battaramulla","NSB","National Savings Bank"
7719,21,"Batticaloa","NSB","National Savings Bank"
7719,48,"Beliatta","NSB","National Savings Bank"
7719,28,"Beruwala","NSB","National Savings Bank"
7719,708,"Bibile""piyasa""","NSB","National Savings Bank"
7719,124,"Boralesgamuwa","NSB","National Savings Bank"
7719,61,"Borella","NSB","National Savings Bank"
7719,912,"Br. Management Division","NSB","National Savings Bank"
7719,710,"Bulathkohupitiya","NSB","National Savings Bank"
7719,738,"Bulathsinhala","NSB","National Savings Bank"
7719,741,"Buttala","NSB","National Savings Bank"
7719,725,"Chankanai Piyasa","NSB","National Savings Bank"
7719,73,"Chavakachcheri","NSB","National Savings Bank"
7719,109,"Chenkaladi","NSB","National Savings Bank"
7719,7,"Chilaw","NSB","National Savings Bank"
7719,72,"Chunnakam","NSB","National Savings Bank"
7719,2,"City","NSB","National Savings Bank"
7719,910,"Credit Division, (H.L Division)","NSB","National Savings Bank"
7719,103,"Dambulla","NSB","National Savings Bank"
7719,24,"Dehiwala","NSB","National Savings Bank"
7719,747,"Delgoda","NSB","National Savings Bank"
7719,119,"Delkanda","NSB","National Savings Bank"
7719,54,"Deniyaya","NSB","National Savings Bank"
7719,112,"Deraniyagala","NSB","National Savings Bank"
7719,39,"Devinuwara","NSB","National Savings Bank"
7719,82,"Dickwella","NSB","National Savings Bank"
7719,748,"Digana","NSB","National Savings Bank"
7719,96,"Divulapitiya","NSB","National Savings Bank"
7719,94,"Elpitiya","NSB","National Savings Bank"
7719,13,"Embilipitiya","NSB","National Savings Bank"
7719,755,"Galewela","NSB","National Savings Bank"
7719,729,"Galgamuwa","NSB","National Savings Bank"
7719,3,"Galle","NSB","National Savings Bank"
7719,58,"Galnewa","NSB","National Savings Bank"
7719,37,"Gampaha","NSB","National Savings Bank"
7719,74,"Gampola","NSB","National Savings Bank"
7719,705,"Ganemulla Piyasa","NSB","National Savings Bank"
7719,735,"Habaraduwa","NSB","National Savings Bank"
7719,62,"Hakmana","NSB","National Savings Bank"
7719,751,"Hali Ela","NSB","National Savings Bank"
7719,750,"Hanwella","NSB","National Savings Bank"
7719,116,"Hatton","NSB","National Savings Bank"
7719,1,"Head Office","NSB","National Savings Bank"
7719,709,"Hettipola","NSB","National Savings Bank"
7719,113,"Hikkaduwa","NSB","National Savings Bank"
7719,76,"Hingurakgoda","NSB","National Savings Bank"
7719,27,"Homagama","NSB","National Savings Bank"
7719,63,"Horana","NSB","National Savings Bank"
7719,911,"IBU (NRFC)","NSB","National Savings Bank"
7719,757,"Imaduwa","NSB","National Savings Bank"
7719,764,"Ingiriya","NSB","National Savings Bank"
7719,36,"Ja-Ela","NSB","National Savings Bank"
7719,6,"Jaffna","NSB","National Savings Bank"
7719,75,"Kadawatha","NSB","National Savings Bank"
7719,122,"Kaduruwela","NSB","National Savings Bank"
7719,95,"Kaduwela","NSB","National Savings Bank"
7719,104,"Kahathuduwa","NSB","National Savings Bank"
7719,737,"Kahawatte","NSB","National Savings Bank"
7719,739,"Kalawana","NSB","National Savings Bank"
7719,114,"Kalawanchikudy","NSB","National Savings Bank"
7719,47,"Kalmunai","NSB","National Savings Bank"
7719,115,"Kalubowila","NSB","National Savings Bank"
7719,12,"Kalutara","NSB","National Savings Bank"
7719,86,"Kamburupitiya","NSB","National Savings Bank"
7719,15,"Kandy","NSB","National Savings Bank"
7719,81,"Kandy 2nd","NSB","National Savings Bank"
7719,711,"Kandy City Center","NSB","National Savings Bank"
7719,731,"Karainagar","NSB","National Savings Bank"
7719,121,"Karapitiya","NSB","National Savings Bank"
7719,93,"Katubedda","NSB","National Savings Bank"
7719,723,"Katugastota Piyasa","NSB","National Savings Bank"
7719,52,"Katunayake","NSB","National Savings Bank"
7719,730,"Kayts","NSB","National Savings Bank"
7719,767,"Kebithigollawa","NSB","National Savings Bank"
7719,18,"Kegalle","NSB","National Savings Bank"
7719,14,"Kekirawa","NSB","National Savings Bank"
7719,716,"Kelaniya NSB Piyasa","NSB","National Savings Bank"
7719,19,"Kilinochchi","NSB","National Savings Bank"
7719,67,"Kiribathgoda","NSB","National Savings Bank"
7719,99,"Kirindiwela","NSB","National Savings Bank"
7719,31,"Kochchikade","NSB","National Savings Bank"
7719,65,"Kollupitiya 2nd","NSB","National Savings Bank"
7719,87,"Kotahena","NSB","National Savings Bank"
7719,102,"Kottawa","NSB","National Savings Bank"
7719,8,"Kuliyapitiya","NSB","National Savings Bank"
7719,17,"kurunegala","NSB","National Savings Bank"
7719,761,"Madampe","NSB","National Savings Bank"
7719,83,"Mahabage","NSB","National Savings Bank"
7719,53,"Maharagama","NSB","National Savings Bank"
7719,41,"Mahiyanganaya","NSB","National Savings Bank"
7719,123,"Malabe","NSB","National Savings Bank"
7719,77,"Maligawatta","NSB","National Savings Bank"
7719,107,"Manipay","NSB","National Savings Bank"
7719,49,"Mannar","NSB","National Savings Bank"
7719,69,"Marawila","NSB","National Savings Bank"
7719,16,"Matale","NSB","National Savings Bank"
7719,4,"Matara","NSB","National Savings Bank"
7719,45,"Matugama","NSB","National Savings Bank"
7719,59,"Mawanella","NSB","National Savings Bank"
7719,749,"Mawathagama","NSB","National Savings Bank"
7719,763,"Medawachchiya","NSB","National Savings Bank"
7719,106,"Meegoda","NSB","National Savings Bank"
7719,724,"Middeniya Piyasa","NSB","National Savings Bank"
7719,98,"Minuwangoda","NSB","National Savings Bank"
7719,79,"Mirigama","NSB","National Savings Bank"
7719,46,"Monaragala","NSB","National Savings Bank"
7719,125,"Moratumulla","NSB","National Savings Bank"
7719,20,"Moratuwa","NSB","National Savings Bank"
7719,90,"Morawaka","NSB","National Savings Bank"
7719,68,"Mount Lavinia","NSB","National Savings Bank"
7719,127,"Mulgampola","NSB","National Savings Bank"
7719,733,"Mulleriyawa New Town","NSB","National Savings Bank"
7719,732,"Mutwal","NSB","National Savings Bank"
7719,64,"Narahenpita","NSB","National Savings Bank"
7719,707,"Narammala Piyasa","NSB","National Savings Bank"
7719,34,"Naththandiya","NSB","National Savings Bank"
7719,111,"Nawala","NSB","National Savings Bank"
7719,50,"Nawalapitiya","NSB","National Savings Bank"
7719,9,"Negombo","NSB","National Savings Bank"
7719,717,"Nelliady NSB Piyasa","NSB","National Savings Bank"
7719,704,"Neluwa Piyasa","NSB","National Savings Bank"
7719,40,"Nikaweratiya","NSB","National Savings Bank"
7719,100,"Nittambuwa","NSB","National Savings Bank"
7719,745,"Nochchiyagama","NSB","National Savings Bank"
7719,26,"Nugegoda","NSB","National Savings Bank"
7719,56,"Nuwara Eliya","NSB","National Savings Bank"
7719,753,"Palugamam","NSB","National Savings Bank"
7719,43,"Panadura","NSB","National Savings Bank"
7719,909,"PBU - Ampara","NSB","National Savings Bank"
7719,906,"PBU - Anuradhapura","NSB","National Savings Bank"
7719,917,"PBU - Eheliyagoda","NSB","National Savings Bank"
7719,903,"PBU - Galle","NSB","National Savings Bank"
7719,908,"PBU - Gampaha","NSB","National Savings Bank"
7719,901,"PBU - Head Office","NSB","National Savings Bank"
7719,916,"PBU - Jaffna","NSB","National Savings Bank"
7719,907,"PBU - Kalutara","NSB","National Savings Bank"
7719,902,"PBU - Kandy","NSB","National Savings Bank"
7719,905,"PBU - Kegalle","NSB","National Savings Bank"
7719,915,"PBU - Kurunegala","NSB","National Savings Bank"
7719,904,"PBU - Matara","NSB","National Savings Bank"
7719,25,"Peliyagoda","NSB","National Savings Bank"
7719,736,"Pelmadulla","NSB","National Savings Bank"
7719,51,"Pettah","NSB","National Savings Bank"
7719,84,"Pilimathalawa","NSB","National Savings Bank"
7719,71,"Piliyandala","NSB","National Savings Bank"
7719,32,"Point Pedro","NSB","National Savings Bank"
7719,726,"Polgahawela","NSB","National Savings Bank"
7719,744,"Pundaluoya","NSB","National Savings Bank"
7719,44,"Puttalama","NSB","National Savings Bank"
7719,719,"Puwakaramba Piyasa","NSB","National Savings Bank"
7719,728,"Raddolugama","NSB","National Savings Bank"
7719,701,"Ragama Piyasa","NSB","National Savings Bank"
7719,765,"Rambukkana","NSB","National Savings Bank"
7719,10,"Ratnapura","NSB","National Savings Bank"
7719,722,"Rikillagaskada Piyasa","NSB","National Savings Bank"
7719,35,"Ruwanwella","NSB","National Savings Bank"
7719,118,"Samanthurai","NSB","National Savings Bank"
7719,754,"Sooriyawewa","NSB","National Savings Bank"
7719,756,"Tambuttegama","NSB","National Savings Bank"
7719,713,"Tangalle NSB Piyasa","NSB","National Savings Bank"
7719,78,"Thalawakele","NSB","National Savings Bank"
7719,108,"Thirunelvely","NSB","National Savings Bank"
7719,97,"Tissamaharama","NSB","National Savings Bank"
7719,89,"Trincomalee","NSB","National Savings Bank"
7719,110,"Uragasmanhandiya","NSB","National Savings Bank"
7719,720,"Valaichenai Piyasa","NSB","National Savings Bank"
7719,88,"Vavuniya","NSB","National Savings Bank"
7719,92,"Veyangoda","NSB","National Savings Bank"
7719,715,"Wadduwa NSB Piyasa","NSB","National Savings Bank"
7719,714,"Walasmulla NSB Piyasa","NSB","National Savings Bank"
7719,42,"Warakapola","NSB","National Savings Bank"
7719,766,"Wariyapola","NSB","National Savings Bank"
7719,85,"Wattala","NSB","National Savings Bank"
7719,712,"Weeraketiya NSB Piyasa","NSB","National Savings Bank"
7719,66,"Weligama","NSB","National Savings Bank"
7719,117,"Welikada","NSB","National Savings Bank"
7719,101,"Welimada","NSB","National Savings Bank"
7719,706,"Wellampitiya Piyasa","NSB","National Savings Bank"
7719,70,"Wellawatta","NSB","National Savings Bank"
7719,740,"Wellawaya","NSB","National Savings Bank"
7719,29,"Wennappuwa","NSB","National Savings Bank"
7719,702,"WTC Piyasa","NSB","National Savings Bank"
7719,120,"Yakkala","NSB","National Savings Bank"
7719,743,"Yatiyantota","NSB","National Savings Bank"
7728,74,"Akkeripattu",,"Sanasa Development Bank"
7728,8,"Akurassa",,"Sanasa Development Bank"
7728,80,"Aluthgama",,"Sanasa Development Bank"
7728,30,"Ambalangoda",,"Sanasa Development Bank"
7728,23,"Ambalanthota",,"Sanasa Development Bank"
7728,39,"Ampara",,"Sanasa Development Bank"
7728,50,"Anamaduwa",,"Sanasa Development Bank"
7728,51,"Angunakolapalassa",,"Sanasa Development Bank"
7728,17,"Anuradhapura",,"Sanasa Development Bank"
7728,52,"Aralaganvila",,"Sanasa Development Bank"
7728,44,"Badulla",,"Sanasa Development Bank"
7728,3,"Battaramulla",,"Sanasa Development Bank"
7728,29,"Batticaloa",,"Sanasa Development Bank"
7728,62,"Buttala",,"Sanasa Development Bank"
7728,11,"Chilaw",,"Sanasa Development Bank"
7728,1,"Colombo City",,"Sanasa Development Bank"
7728,35,"Dambulla",,"Sanasa Development Bank"
7728,58,"Dehiattakandiya",,"Sanasa Development Bank"
7728,49,"Deniyaya",,"Sanasa Development Bank"
7728,57,"Deraniyagala",,"Sanasa Development Bank"
7728,64,"Elpitiya",,"Sanasa Development Bank"
7728,4,"Embilipitiya",,"Sanasa Development Bank"
7728,53,"Galenbidunuwewa",,"Sanasa Development Bank"
7728,32,"Galle",,"Sanasa Development Bank"
7728,48,"Gampola",,"Sanasa Development Bank"
7728,33,"Giriulla",,"Sanasa Development Bank"
7728,76,"Hatharaliyadda",,"Sanasa Development Bank"
7728,77,"Hingurna",,"Sanasa Development Bank"
7728,5,"Horana",,"Sanasa Development Bank"
7728,42,"Jaffna",,"Sanasa Development Bank"
7728,78,"Kaduwela",,"Sanasa Development Bank"
7728,59,"Kalawanchikudi",,"Sanasa Development Bank"
7728,22,"Kalmuani",,"Sanasa Development Bank"
7728,25,"Kalutara",,"Sanasa Development Bank"
7728,10,"Kandy",,"Sanasa Development Bank"
7728,73,"Kanthale",,"Sanasa Development Bank"
7728,7,"Karapitiya",,"Sanasa Development Bank"
7728,67,"Katuwana",,"Sanasa Development Bank"
7728,2,"Kegalle",,"Sanasa Development Bank"
7728,71,"Kekirawa",,"Sanasa Development Bank"
7728,69,"Kilinochchi",,"Sanasa Development Bank"
7728,6,"Kiribathgoda",,"Sanasa Development Bank"
7728,56,"Kirulapona",,"Sanasa Development Bank"
7728,26,"Kuliyapitiya",,"Sanasa Development Bank"
7728,20,"Kurunegala",,"Sanasa Development Bank"
7728,37,"Maho",,"Sanasa Development Bank"
7728,13,"Manaragala",,"Sanasa Development Bank"
7728,46,"Mapalagama",,"Sanasa Development Bank"
7728,9,"Matale",,"Sanasa Development Bank"
7728,31,"Matara",,"Sanasa Development Bank"
7728,47,"Mathugama",,"Sanasa Development Bank"
7728,68,"Mawanella",,"Sanasa Development Bank"
7728,40,"Medawachchiya",,"Sanasa Development Bank"
7728,75,"Moratuwa",,"Sanasa Development Bank"
7728,41,"Muthur",,"Sanasa Development Bank"
7728,43,"Nanatan",,"Sanasa Development Bank"
7728,79,"Narammala",,"Sanasa Development Bank"
7728,27,"Negombo",,"Sanasa Development Bank"
7728,65,"Nochchiyagama",,"Sanasa Development Bank"
7728,70,"Padavi Parakramapura",,"Sanasa Development Bank"
7728,55,"Pilimathalawa",,"Sanasa Development Bank"
7728,28,"Polonnaruwa",,"Sanasa Development Bank"
7728,45,"Pottuvil",,"Sanasa Development Bank"
7728,34,"Rambukkana",,"Sanasa Development Bank"
7728,15,"Rathnapura",,"Sanasa Development Bank"
7728,19,"Rikillagaskada",,"Sanasa Development Bank"
7728,14,"Ruwanwella",,"Sanasa Development Bank"
7728,18,"Sahasapura",,"Sanasa Development Bank"
7728,60,"Samanthurei",,"Sanasa Development Bank"
7728,61,"Siyabalanduwa",,"Sanasa Development Bank"
7728,36," Thambuththegama",,"Sanasa Development Bank"
7728,21,"Trincomalle",,"Sanasa Development Bank"
7728,72,"Uhana",,"Sanasa Development Bank"
7728,63,"Valachchena",,"Sanasa Development Bank"
7728,12,"Vavuniya",,"Sanasa Development Bank"
7728,16,"Warakapola",,"Sanasa Development Bank"
7728,54,"Wariyapola",,"Sanasa Development Bank"
7728,38,"Wennappuwa",,"Sanasa Development Bank"
7728,66," Yakkalamulla",,"Sanasa Development Bank"
7737,1,"Head Office",,"HDFC Bank"
